11:31:43 [DEBUG] (1) libbridge: libbridge (CNI bridge plugin) version 0.1.0
11:31:43 [DEBUG] (1) cni_plugin::cni: CNI plugin built with cni-plugin crate version 0.2.1
11:31:43 [DEBUG] (1) cni_plugin::cni: read env var CNI_PATH = "/opt/cni/bin"
11:31:43 [DEBUG] (1) cni_plugin::cni: reading stdin til EOF...
11:31:43 [DEBUG] (1) cni_plugin::cni: read payload bytes=0
11:31:43 [ERROR] missing input network config
11:31:43 [DEBUG] (1) cni_plugin::reply: replying with ErrorReply {
    cni_version: Version {
        major: 1,
        minor: 0,
        patch: 0,
        pre: [],
        build: [],
    },
    code: 7,
    msg: "Missing payload",
    details: "missing input network config",
}
11:31:43 [DEBUG] (1) libbridge: libbridge (CNI bridge plugin) version 0.1.0
11:31:43 [DEBUG] (1) cni_plugin::cni: CNI plugin built with cni-plugin crate version 0.2.1
11:31:43 [DEBUG] (1) cni_plugin::cni: read env var CNI_PATH = "/opt/cni/bin"
11:31:43 [DEBUG] (1) cni_plugin::cni: reading stdin til EOF...
11:31:43 [DEBUG] (1) cni_plugin::cni: read payload bytes=376
11:31:43 [DEBUG] (1) cni_plugin::cni: read env var CNI_COMMAND = "ADD"
11:31:43 [DEBUG] (1) cni_plugin::cni: read env var CNI_CONTAINERID = "126174"
11:31:43 [DEBUG] (1) cni_plugin::cni: read env var CNI_IFNAME = "vethcni0"
11:31:43 [DEBUG] (1) cni_plugin::cni: read env var CNI_NETNS = "/proc/126174/ns/net"
11:31:43 [INFO] (1) libbridge: libbridge serving spec v1.0.0 for command=Add
11:31:43 [INFO] (1) libbridge: (CNI bridge plugin) version bridge config: BridgeNetConf { net_conf: NetworkConfig { cni_version: Version { major: 1, minor: 0, patch: 0, pre: [], build: [] }, name: "single-net", plugin: "libbridge", args: {}, ip_masq: false, ipam: Some(IpamConfig { plugin: "libipam", specific: {"name": Null, "routes": Null, "resolvConf": Null, "dataDir": Null, "ranges": Array [Array [Object {"gateway": String("10.10.2.1"), "subnet": String("10.10.0.0/16")}]]} }), dns: None, runtime: None, prev_result: None, specific: {"vlan_trunk": Null, "is_gateway": Bool(true), "mac_spoof_check": Null, "cni_version": String("1.0.0"), "hairpin_mode": Null, "is_default_gateway": Null} }, br_name: Some("single0"), is_gw: None, is_default_gw: None, force_address: None, mtu: Some(1500), hairpin_mode: None, promisc_mode: None, vlan: None, vlan_trunk: None, preserve_default_vlan: Some(true), mac_spoof_chk: None, enable_dad: None, disable_container_interface: None, port_isolation: None, args: None, mac: None, vlans: Some([]) }
11:31:43 [WARN] Specified IFLA_INET6_CONF NLA attribute holds more(most likely new kernel) data which is unknown to netlink-packet-route crate, expecting 236, got 240
11:31:43 [WARN] Specified IFLA_INET6_ICMP6STATS NLA attribute holds more(most likely new kernel) data which is unknown to netlink-packet-route crate, expecting 48, got 56
11:31:43 [WARN] Specified IFLA_INET6_CONF NLA attribute holds more(most likely new kernel) data which is unknown to netlink-packet-route crate, expecting 236, got 240
11:31:43 [WARN] Specified IFLA_INET6_ICMP6STATS NLA attribute holds more(most likely new kernel) data which is unknown to netlink-packet-route crate, expecting 48, got 56
11:31:43 [WARN] Specified IFLA_INET6_CONF NLA attribute holds more(most likely new kernel) data which is unknown to netlink-packet-route crate, expecting 236, got 240
11:31:43 [WARN] Specified IFLA_INET6_ICMP6STATS NLA attribute holds more(most likely new kernel) data which is unknown to netlink-packet-route crate, expecting 48, got 56
11:31:43 [INFO] (1) libbridge: netns: "NS(4:4026532960)"
11:31:43 [INFO] (1) libbridge: host_ns: "NS(4:4026532555)"
11:31:43 [INFO] (1) libcni::ip::veth: Creating veth pair: container_veth_name=vethcni0, host_veth_name=vethbc8d8f38
11:31:43 [WARN] Specified IFLA_INET6_CONF NLA attribute holds more(most likely new kernel) data which is unknown to netlink-packet-route crate, expecting 236, got 240
11:31:43 [WARN] Specified IFLA_INET6_ICMP6STATS NLA attribute holds more(most likely new kernel) data which is unknown to netlink-packet-route crate, expecting 48, got 56
11:31:43 [INFO] (1) libbridge: veth: Veth { interface: Interface { name: "vethcni0", mac: None, ns: Netns { f: File { fd: 18, path: "net:[4026532960]", read: true, write: false }, path: Some("/proc/126174/ns/net") } }, peer_inf: Interface { name: "vethbc8d8f38", mac: None, ns: Netns { f: File { fd: 19, path: "net:[4026532555]", read: true, write: false }, path: Some("/proc/126177/task/126177/ns/net") } } }
11:31:43 [WARN] Specified IFLA_INET6_CONF NLA attribute holds more(most likely new kernel) data which is unknown to netlink-packet-route crate, expecting 236, got 240
11:31:43 [WARN] Specified IFLA_INET6_ICMP6STATS NLA attribute holds more(most likely new kernel) data which is unknown to netlink-packet-route crate, expecting 48, got 56
11:31:43 [WARN] Specified IFLA_INET6_CONF NLA attribute holds more(most likely new kernel) data which is unknown to netlink-packet-route crate, expecting 236, got 240
11:31:43 [WARN] Specified IFLA_INET6_ICMP6STATS NLA attribute holds more(most likely new kernel) data which is unknown to netlink-packet-route crate, expecting 48, got 56
11:31:43 [DEBUG] (1) libbridge:  veth :Veth { interface: Interface { name: "vethcni0", mac: None, ns: Netns { f: File { fd: 18, path: "net:[4026532960]", read: true, write: false }, path: Some("/proc/126174/ns/net") } }, peer_inf: Interface { name: "vethbc8d8f38", mac: Some(MacAddr(MacAddr6([106, 5, 249, 29, 163, 122]))), ns: Netns { f: File { fd: 19, path: "net:[4026532555]", read: true, write: false }, path: Some("/proc/126177/task/126177/ns/net") } } }
11:31:43 [INFO] (1) cni_plugin::delegation: delegating to plugin at /opt/cni/bin/libipam for command=ADD
11:31:43 [DEBUG] (1) cni_plugin::delegation: spawing child process, async=smol
11:31:43 [DEBUG] (1) cni_plugin::delegation: taking child stdin
11:31:43 [DEBUG] (1) cni_plugin::delegation: copying bytes=349 to stdin
11:31:43 [DEBUG] (1) cni_plugin::delegation: closing stdin
11:31:43 [DEBUG] (1) cni_plugin::delegation: dropping stdin handle
11:31:43 [DEBUG] (1) cni_plugin::delegation: awaiting child
11:31:43 [INFO] (1) cni_plugin::delegation: delegate plugin at /opt/cni/bin/libipam for command=ADD has returned with exit status: 0; stdout bytes=100
11:31:43 [DEBUG] (1) libbridge: ipam_result:IpamSuccessReply { cni_version: Version { major: 1, minor: 0, patch: 0, pre: [], build: [] }, ips: [Ip { address: V4(Ipv4Network { addr: 10.10.0.1, prefix: 16 }), gateway: Some(10.10.2.1), interface: None }], routes: [], dns: Dns { nameservers: [], domain: None, search: [], options: [] }, specific: {} }
11:31:43 [DEBUG] (1) libbridge: bridge_result:SuccessReply { cni_version: Version { major: 1, minor: 0, patch: 0, pre: [], build: [] }, interfaces: [Interface { name: "single0", mac: Some(MacAddr(MacAddr6([178, 72, 7, 215, 55, 182]))), sandbox: "" }, Interface { name: "vethbc8d8f38", mac: Some(MacAddr(MacAddr6([106, 5, 249, 29, 163, 122]))), sandbox: "/proc/126177/task/126177/ns/net" }, Interface { name: "vethcni0", mac: None, sandbox: "/proc/126174/ns/net" }], ips: [Ip { address: V4(Ipv4Network { addr: 10.10.0.1, prefix: 16 }), gateway: Some(10.10.2.1), interface: None }], routes: [], dns: Dns { nameservers: [], domain: None, search: [], options: [] }, specific: {} }
11:31:43 [INFO] (1) libbridge: gateway_infos: []
11:31:43 [INFO] (1) libbridge: bridge_result: SuccessReply { cni_version: Version { major: 1, minor: 0, patch: 0, pre: [], build: [] }, interfaces: [Interface { name: "single0", mac: Some(MacAddr(MacAddr6([178, 72, 7, 215, 55, 182]))), sandbox: "" }, Interface { name: "vethbc8d8f38", mac: Some(MacAddr(MacAddr6([106, 5, 249, 29, 163, 122]))), sandbox: "/proc/126177/task/126177/ns/net" }, Interface { name: "vethcni0", mac: None, sandbox: "/proc/126174/ns/net" }], ips: [Ip { address: V4(Ipv4Network { addr: 10.10.0.1, prefix: 16 }), gateway: Some(10.10.2.1), interface: Some(2) }], routes: [], dns: Dns { nameservers: [], domain: None, search: [], options: [] }, specific: {} }
11:31:43 [WARN] Specified IFLA_INET6_CONF NLA attribute holds more(most likely new kernel) data which is unknown to netlink-packet-route crate, expecting 236, got 240
11:31:43 [WARN] Specified IFLA_INET6_ICMP6STATS NLA attribute holds more(most likely new kernel) data which is unknown to netlink-packet-route crate, expecting 48, got 56
11:31:43 [DEBUG] (1) libcni::ip::ipam: ips:[Ip { address: V4(Ipv4Network { addr: 10.10.0.1, prefix: 16 }), gateway: Some(10.10.2.1), interface: Some(2) }]
11:31:43 [DEBUG] (1) libcni::ip::ipam: add ip:[Ip { address: V4(Ipv4Network { addr: 10.10.0.1, prefix: 16 }), gateway: Some(10.10.2.1), interface: Some(2) }] to:"vethcni0"
11:31:43 [DEBUG] (1) libcni::ip::addr: container ip add :10.10.0.1
11:31:43 [DEBUG] (1) libcni::ip::addr: container ip add success
11:31:43 [WARN] Specified IFLA_INET6_CONF NLA attribute holds more(most likely new kernel) data which is unknown to netlink-packet-route crate, expecting 236, got 240
11:31:43 [WARN] Specified IFLA_INET6_ICMP6STATS NLA attribute holds more(most likely new kernel) data which is unknown to netlink-packet-route crate, expecting 48, got 56
11:31:43 [WARN] Specified IFLA_INET6_CONF NLA attribute holds more(most likely new kernel) data which is unknown to netlink-packet-route crate, expecting 236, got 240
11:31:43 [WARN] Specified IFLA_INET6_ICMP6STATS NLA attribute holds more(most likely new kernel) data which is unknown to netlink-packet-route crate, expecting 48, got 56
11:31:43 [WARN] Specified IFLA_INET6_CONF NLA attribute holds more(most likely new kernel) data which is unknown to netlink-packet-route crate, expecting 236, got 240
11:31:43 [WARN] Specified IFLA_INET6_ICMP6STATS NLA attribute holds more(most likely new kernel) data which is unknown to netlink-packet-route crate, expecting 48, got 56
11:31:43 [WARN] Specified IFLA_INET6_CONF NLA attribute holds more(most likely new kernel) data which is unknown to netlink-packet-route crate, expecting 236, got 240
11:31:43 [WARN] Specified IFLA_INET6_ICMP6STATS NLA attribute holds more(most likely new kernel) data which is unknown to netlink-packet-route crate, expecting 48, got 56
11:31:43 [WARN] Specified IFLA_INET6_CONF NLA attribute holds more(most likely new kernel) data which is unknown to netlink-packet-route crate, expecting 236, got 240
11:31:43 [WARN] Specified IFLA_INET6_ICMP6STATS NLA attribute holds more(most likely new kernel) data which is unknown to netlink-packet-route crate, expecting 48, got 56
11:31:43 [WARN] Specified IFLA_INET6_CONF NLA attribute holds more(most likely new kernel) data which is unknown to netlink-packet-route crate, expecting 236, got 240
11:31:43 [WARN] Specified IFLA_INET6_ICMP6STATS NLA attribute holds more(most likely new kernel) data which is unknown to netlink-packet-route crate, expecting 48, got 56
11:31:43 [INFO] (1) libnetwork::ip: all_ifaces: [Interface { index: 1, mtu: Some(65536), name: "lo", hardware_addr: Some(V6(MacAddr6([0, 0, 0, 0, 0, 0]))), flags: Flags(UP | POINT_TO_POINT) }, Interface { index: 2, mtu: Some(1480), name: "tunl0", hardware_addr: None, flags: Flags(0x0) }, Interface { index: 3, mtu: Some(1480), name: "sit0", hardware_addr: None, flags: Flags(0x0) }, Interface { index: 4, mtu: Some(1452), name: "ip6tnl0", hardware_addr: None, flags: Flags(0x0) }, Interface { index: 5, mtu: Some(1500), name: "eth0", hardware_addr: Some(V6(MacAddr6([178, 210, 81, 3, 27, 185]))), flags: Flags(UP | BROADCAST) }, Interface { index: 6, mtu: Some(1500), name: "single0", hardware_addr: Some(V6(MacAddr6([226, 202, 157, 84, 169, 60]))), flags: Flags(UP | BROADCAST) }, Interface { index: 7, mtu: Some(1500), name: "vethbc8d8f38", hardware_addr: Some(V6(MacAddr6([206, 24, 90, 65, 94, 75]))), flags: Flags(UP | BROADCAST) }]
11:31:43 [WARN] Specified IFLA_INET6_CONF NLA attribute holds more(most likely new kernel) data which is unknown to netlink-packet-route crate, expecting 236, got 240
11:31:43 [WARN] Specified IFLA_INET6_ICMP6STATS NLA attribute holds more(most likely new kernel) data which is unknown to netlink-packet-route crate, expecting 48, got 56
11:31:43 [WARN] Specified IFLA_INET6_CONF NLA attribute holds more(most likely new kernel) data which is unknown to netlink-packet-route crate, expecting 236, got 240
11:31:43 [WARN] Specified IFLA_INET6_ICMP6STATS NLA attribute holds more(most likely new kernel) data which is unknown to netlink-packet-route crate, expecting 48, got 56
11:31:43 [WARN] Specified IFLA_INET6_CONF NLA attribute holds more(most likely new kernel) data which is unknown to netlink-packet-route crate, expecting 236, got 240
11:31:43 [WARN] Specified IFLA_INET6_ICMP6STATS NLA attribute holds more(most likely new kernel) data which is unknown to netlink-packet-route crate, expecting 48, got 56
11:31:43 [WARN] Specified IFLA_INET6_CONF NLA attribute holds more(most likely new kernel) data which is unknown to netlink-packet-route crate, expecting 236, got 240
11:31:43 [WARN] Specified IFLA_INET6_ICMP6STATS NLA attribute holds more(most likely new kernel) data which is unknown to netlink-packet-route crate, expecting 48, got 56
11:31:43 [WARN] Specified IFLA_INET6_CONF NLA attribute holds more(most likely new kernel) data which is unknown to netlink-packet-route crate, expecting 236, got 240
11:31:43 [WARN] Specified IFLA_INET6_ICMP6STATS NLA attribute holds more(most likely new kernel) data which is unknown to netlink-packet-route crate, expecting 48, got 56
11:31:43 [WARN] Specified IFLA_INET6_CONF NLA attribute holds more(most likely new kernel) data which is unknown to netlink-packet-route crate, expecting 236, got 240
11:31:43 [WARN] Specified IFLA_INET6_ICMP6STATS NLA attribute holds more(most likely new kernel) data which is unknown to netlink-packet-route crate, expecting 48, got 56
11:31:43 [DEBUG] (1) libbridge: success! SuccessReply {
    cni_version: Version {
        major: 1,
        minor: 0,
        patch: 0,
        pre: [],
        build: [],
    },
    interfaces: [
        Interface {
            name: "single0",
            mac: Some(
                MacAddr(
                    MacAddr6(
                        [
                            178,
                            72,
                            7,
                            215,
                            55,
                            182,
                        ],
                    ),
                ),
            ),
            sandbox: "",
        },
        Interface {
            name: "vethbc8d8f38",
            mac: Some(
                MacAddr(
                    MacAddr6(
                        [
                            106,
                            5,
                            249,
                            29,
                            163,
                            122,
                        ],
                    ),
                ),
            ),
            sandbox: "/proc/126177/task/126177/ns/net",
        },
        Interface {
            name: "vethcni0",
            mac: None,
            sandbox: "/proc/126174/ns/net",
        },
    ],
    ips: [
        Ip {
            address: V4(
                Ipv4Network {
                    addr: 10.10.0.1,
                    prefix: 16,
                },
            ),
            gateway: Some(
                10.10.2.1,
            ),
            interface: Some(
                2,
            ),
        },
    ],
    routes: [],
    dns: Dns {
        nameservers: [],
        domain: None,
        search: [],
        options: [],
    },
    specific: {},
}
11:31:43 [DEBUG] (1) cni_plugin::reply: replying with SuccessReply {
    cni_version: Version {
        major: 1,
        minor: 0,
        patch: 0,
        pre: [],
        build: [],
    },
    interfaces: [
        Interface {
            name: "single0",
            mac: Some(
                MacAddr(
                    MacAddr6(
                        [
                            178,
                            72,
                            7,
                            215,
                            55,
                            182,
                        ],
                    ),
                ),
            ),
            sandbox: "",
        },
        Interface {
            name: "vethbc8d8f38",
            mac: Some(
                MacAddr(
                    MacAddr6(
                        [
                            106,
                            5,
                            249,
                            29,
                            163,
                            122,
                        ],
                    ),
                ),
            ),
            sandbox: "/proc/126177/task/126177/ns/net",
        },
        Interface {
            name: "vethcni0",
            mac: None,
            sandbox: "/proc/126174/ns/net",
        },
    ],
    ips: [
        Ip {
            address: V4(
                Ipv4Network {
                    addr: 10.10.0.1,
                    prefix: 16,
                },
            ),
            gateway: Some(
                10.10.2.1,
            ),
            interface: Some(
                2,
            ),
        },
    ],
    routes: [],
    dns: Dns {
        nameservers: [],
        domain: None,
        search: [],
        options: [],
    },
    specific: {},
}
12:49:45 [DEBUG] (1) libbridge: libbridge (CNI bridge plugin) version 0.1.0
12:49:45 [DEBUG] (1) cni_plugin::cni: CNI plugin built with cni-plugin crate version 0.2.1
12:49:45 [DEBUG] (1) cni_plugin::cni: read env var CNI_PATH = "/opt/cni/bin"
12:49:45 [DEBUG] (1) cni_plugin::cni: reading stdin til EOF...
12:49:45 [DEBUG] (1) cni_plugin::cni: read payload bytes=0
12:49:45 [ERROR] missing input network config
12:49:45 [DEBUG] (1) cni_plugin::reply: replying with ErrorReply {
    cni_version: Version {
        major: 1,
        minor: 0,
        patch: 0,
        pre: [],
        build: [],
    },
    code: 7,
    msg: "Missing payload",
    details: "missing input network config",
}
12:49:45 [DEBUG] (1) libbridge: libbridge (CNI bridge plugin) version 0.1.0
12:49:45 [DEBUG] (1) cni_plugin::cni: CNI plugin built with cni-plugin crate version 0.2.1
12:49:45 [DEBUG] (1) cni_plugin::cni: read env var CNI_PATH = "/opt/cni/bin"
12:49:45 [DEBUG] (1) cni_plugin::cni: reading stdin til EOF...
12:49:45 [DEBUG] (1) cni_plugin::cni: read payload bytes=376
12:49:45 [DEBUG] (1) cni_plugin::cni: read env var CNI_COMMAND = "ADD"
12:49:45 [DEBUG] (1) cni_plugin::cni: read env var CNI_CONTAINERID = "152337"
12:49:45 [DEBUG] (1) cni_plugin::cni: read env var CNI_IFNAME = "vethcni0"
12:49:45 [DEBUG] (1) cni_plugin::cni: read env var CNI_NETNS = "/proc/152337/ns/net"
12:49:45 [INFO] (1) libbridge: libbridge serving spec v1.0.0 for command=Add
12:49:45 [INFO] (1) libbridge: (CNI bridge plugin) version bridge config: BridgeNetConf { net_conf: NetworkConfig { cni_version: Version { major: 1, minor: 0, patch: 0, pre: [], build: [] }, name: "single-net", plugin: "libbridge", args: {}, ip_masq: false, ipam: Some(IpamConfig { plugin: "libipam", specific: {"routes": Null, "ranges": Array [Array [Object {"gateway": String("10.10.2.1"), "subnet": String("10.10.0.0/16")}]], "dataDir": Null, "name": Null, "resolvConf": Null} }), dns: None, runtime: None, prev_result: None, specific: {"hairpin_mode": Null, "is_gateway": Bool(true), "vlan_trunk": Null, "cni_version": String("1.0.0"), "is_default_gateway": Null, "mac_spoof_check": Null} }, br_name: Some("single0"), is_gw: None, is_default_gw: None, force_address: None, mtu: Some(1500), hairpin_mode: None, promisc_mode: None, vlan: None, vlan_trunk: None, preserve_default_vlan: Some(true), mac_spoof_chk: None, enable_dad: None, disable_container_interface: None, port_isolation: None, args: None, mac: None, vlans: Some([]) }
12:49:45 [WARN] Specified IFLA_INET6_CONF NLA attribute holds more(most likely new kernel) data which is unknown to netlink-packet-route crate, expecting 236, got 240
12:49:45 [WARN] Specified IFLA_INET6_ICMP6STATS NLA attribute holds more(most likely new kernel) data which is unknown to netlink-packet-route crate, expecting 48, got 56
12:49:45 [WARN] Specified IFLA_INET6_CONF NLA attribute holds more(most likely new kernel) data which is unknown to netlink-packet-route crate, expecting 236, got 240
12:49:45 [WARN] Specified IFLA_INET6_ICMP6STATS NLA attribute holds more(most likely new kernel) data which is unknown to netlink-packet-route crate, expecting 48, got 56
12:49:45 [WARN] Specified IFLA_INET6_CONF NLA attribute holds more(most likely new kernel) data which is unknown to netlink-packet-route crate, expecting 236, got 240
12:49:45 [WARN] Specified IFLA_INET6_ICMP6STATS NLA attribute holds more(most likely new kernel) data which is unknown to netlink-packet-route crate, expecting 48, got 56
12:49:45 [INFO] (1) libbridge: netns: "NS(4:4026533097)"
12:49:45 [INFO] (1) libbridge: host_ns: "NS(4:4026532555)"
12:49:45 [INFO] (1) libcni::ip::veth: Creating veth pair: container_veth_name=vethcni0, host_veth_name=veth1938a996
12:49:45 [WARN] Specified IFLA_INET6_CONF NLA attribute holds more(most likely new kernel) data which is unknown to netlink-packet-route crate, expecting 236, got 240
12:49:45 [WARN] Specified IFLA_INET6_ICMP6STATS NLA attribute holds more(most likely new kernel) data which is unknown to netlink-packet-route crate, expecting 48, got 56
12:49:45 [INFO] (1) libbridge: veth: Veth { interface: Interface { name: "vethcni0", mac: None, ns: Netns { f: File { fd: 18, path: "net:[4026533097]", read: true, write: false }, path: Some("/proc/152337/ns/net") } }, peer_inf: Interface { name: "veth1938a996", mac: None, ns: Netns { f: File { fd: 19, path: "net:[4026532555]", read: true, write: false }, path: Some("/proc/152340/task/152340/ns/net") } } }
12:49:45 [WARN] Specified IFLA_INET6_CONF NLA attribute holds more(most likely new kernel) data which is unknown to netlink-packet-route crate, expecting 236, got 240
12:49:45 [WARN] Specified IFLA_INET6_ICMP6STATS NLA attribute holds more(most likely new kernel) data which is unknown to netlink-packet-route crate, expecting 48, got 56
12:49:45 [WARN] Specified IFLA_INET6_CONF NLA attribute holds more(most likely new kernel) data which is unknown to netlink-packet-route crate, expecting 236, got 240
12:49:45 [WARN] Specified IFLA_INET6_ICMP6STATS NLA attribute holds more(most likely new kernel) data which is unknown to netlink-packet-route crate, expecting 48, got 56
12:49:45 [DEBUG] (1) libbridge:  veth :Veth { interface: Interface { name: "vethcni0", mac: None, ns: Netns { f: File { fd: 18, path: "net:[4026533097]", read: true, write: false }, path: Some("/proc/152337/ns/net") } }, peer_inf: Interface { name: "veth1938a996", mac: Some(MacAddr(MacAddr6([138, 125, 13, 230, 90, 7]))), ns: Netns { f: File { fd: 19, path: "net:[4026532555]", read: true, write: false }, path: Some("/proc/152340/task/152340/ns/net") } } }
12:49:45 [INFO] (1) cni_plugin::delegation: delegating to plugin at /opt/cni/bin/libipam for command=ADD
12:49:45 [DEBUG] (1) cni_plugin::delegation: spawing child process, async=smol
12:49:45 [DEBUG] (1) cni_plugin::delegation: taking child stdin
12:49:45 [DEBUG] (1) cni_plugin::delegation: copying bytes=349 to stdin
12:49:45 [DEBUG] (1) cni_plugin::delegation: closing stdin
12:49:45 [DEBUG] (1) cni_plugin::delegation: dropping stdin handle
12:49:45 [DEBUG] (1) cni_plugin::delegation: awaiting child
12:49:45 [INFO] (1) cni_plugin::delegation: delegate plugin at /opt/cni/bin/libipam for command=ADD has returned with exit status: 0; stdout bytes=100
12:49:45 [DEBUG] (1) libbridge: ipam_result:IpamSuccessReply { cni_version: Version { major: 1, minor: 0, patch: 0, pre: [], build: [] }, ips: [Ip { address: V4(Ipv4Network { addr: 10.10.0.2, prefix: 16 }), gateway: Some(10.10.2.1), interface: None }], routes: [], dns: Dns { nameservers: [], domain: None, search: [], options: [] }, specific: {} }
12:49:45 [DEBUG] (1) libbridge: bridge_result:SuccessReply { cni_version: Version { major: 1, minor: 0, patch: 0, pre: [], build: [] }, interfaces: [Interface { name: "single0", mac: Some(MacAddr(MacAddr6([226, 202, 157, 84, 169, 60]))), sandbox: "" }, Interface { name: "veth1938a996", mac: Some(MacAddr(MacAddr6([138, 125, 13, 230, 90, 7]))), sandbox: "/proc/152340/task/152340/ns/net" }, Interface { name: "vethcni0", mac: None, sandbox: "/proc/152337/ns/net" }], ips: [Ip { address: V4(Ipv4Network { addr: 10.10.0.2, prefix: 16 }), gateway: Some(10.10.2.1), interface: None }], routes: [], dns: Dns { nameservers: [], domain: None, search: [], options: [] }, specific: {} }
12:49:45 [INFO] (1) libbridge: gateway_infos: []
12:49:45 [INFO] (1) libbridge: bridge_result: SuccessReply { cni_version: Version { major: 1, minor: 0, patch: 0, pre: [], build: [] }, interfaces: [Interface { name: "single0", mac: Some(MacAddr(MacAddr6([226, 202, 157, 84, 169, 60]))), sandbox: "" }, Interface { name: "veth1938a996", mac: Some(MacAddr(MacAddr6([138, 125, 13, 230, 90, 7]))), sandbox: "/proc/152340/task/152340/ns/net" }, Interface { name: "vethcni0", mac: None, sandbox: "/proc/152337/ns/net" }], ips: [Ip { address: V4(Ipv4Network { addr: 10.10.0.2, prefix: 16 }), gateway: Some(10.10.2.1), interface: Some(2) }], routes: [], dns: Dns { nameservers: [], domain: None, search: [], options: [] }, specific: {} }
12:49:45 [WARN] Specified IFLA_INET6_CONF NLA attribute holds more(most likely new kernel) data which is unknown to netlink-packet-route crate, expecting 236, got 240
12:49:45 [WARN] Specified IFLA_INET6_ICMP6STATS NLA attribute holds more(most likely new kernel) data which is unknown to netlink-packet-route crate, expecting 48, got 56
12:49:45 [DEBUG] (1) libcni::ip::ipam: ips:[Ip { address: V4(Ipv4Network { addr: 10.10.0.2, prefix: 16 }), gateway: Some(10.10.2.1), interface: Some(2) }]
12:49:45 [DEBUG] (1) libcni::ip::ipam: add ip:[Ip { address: V4(Ipv4Network { addr: 10.10.0.2, prefix: 16 }), gateway: Some(10.10.2.1), interface: Some(2) }] to:"vethcni0"
12:49:45 [DEBUG] (1) libcni::ip::addr: container ip add :10.10.0.2
12:49:45 [DEBUG] (1) libcni::ip::addr: container ip add success
12:49:45 [WARN] Specified IFLA_INET6_CONF NLA attribute holds more(most likely new kernel) data which is unknown to netlink-packet-route crate, expecting 236, got 240
12:49:45 [WARN] Specified IFLA_INET6_ICMP6STATS NLA attribute holds more(most likely new kernel) data which is unknown to netlink-packet-route crate, expecting 48, got 56
12:49:45 [WARN] Specified IFLA_INET6_CONF NLA attribute holds more(most likely new kernel) data which is unknown to netlink-packet-route crate, expecting 236, got 240
12:49:45 [WARN] Specified IFLA_INET6_ICMP6STATS NLA attribute holds more(most likely new kernel) data which is unknown to netlink-packet-route crate, expecting 48, got 56
12:49:45 [WARN] Specified IFLA_INET6_CONF NLA attribute holds more(most likely new kernel) data which is unknown to netlink-packet-route crate, expecting 236, got 240
12:49:45 [WARN] Specified IFLA_INET6_ICMP6STATS NLA attribute holds more(most likely new kernel) data which is unknown to netlink-packet-route crate, expecting 48, got 56
12:49:45 [WARN] Specified IFLA_INET6_CONF NLA attribute holds more(most likely new kernel) data which is unknown to netlink-packet-route crate, expecting 236, got 240
12:49:45 [WARN] Specified IFLA_INET6_ICMP6STATS NLA attribute holds more(most likely new kernel) data which is unknown to netlink-packet-route crate, expecting 48, got 56
12:49:45 [WARN] Specified IFLA_INET6_CONF NLA attribute holds more(most likely new kernel) data which is unknown to netlink-packet-route crate, expecting 236, got 240
12:49:45 [WARN] Specified IFLA_INET6_ICMP6STATS NLA attribute holds more(most likely new kernel) data which is unknown to netlink-packet-route crate, expecting 48, got 56
12:49:45 [WARN] Specified IFLA_INET6_CONF NLA attribute holds more(most likely new kernel) data which is unknown to netlink-packet-route crate, expecting 236, got 240
12:49:45 [WARN] Specified IFLA_INET6_ICMP6STATS NLA attribute holds more(most likely new kernel) data which is unknown to netlink-packet-route crate, expecting 48, got 56
12:49:45 [WARN] Specified IFLA_INET6_CONF NLA attribute holds more(most likely new kernel) data which is unknown to netlink-packet-route crate, expecting 236, got 240
12:49:45 [WARN] Specified IFLA_INET6_ICMP6STATS NLA attribute holds more(most likely new kernel) data which is unknown to netlink-packet-route crate, expecting 48, got 56
12:49:45 [INFO] (1) libnetwork::ip: all_ifaces: [Interface { index: 1, mtu: Some(65536), name: "lo", hardware_addr: Some(V6(MacAddr6([0, 0, 0, 0, 0, 0]))), flags: Flags(UP | POINT_TO_POINT) }, Interface { index: 2, mtu: Some(1480), name: "tunl0", hardware_addr: None, flags: Flags(0x0) }, Interface { index: 3, mtu: Some(1480), name: "sit0", hardware_addr: None, flags: Flags(0x0) }, Interface { index: 4, mtu: Some(1452), name: "ip6tnl0", hardware_addr: None, flags: Flags(0x0) }, Interface { index: 5, mtu: Some(1500), name: "eth0", hardware_addr: Some(V6(MacAddr6([178, 210, 81, 3, 27, 185]))), flags: Flags(UP | BROADCAST) }, Interface { index: 6, mtu: Some(1500), name: "single0", hardware_addr: Some(V6(MacAddr6([226, 202, 157, 84, 169, 60]))), flags: Flags(UP | BROADCAST) }, Interface { index: 7, mtu: Some(1500), name: "vethbc8d8f38", hardware_addr: Some(V6(MacAddr6([206, 24, 90, 65, 94, 75]))), flags: Flags(UP | BROADCAST) }, Interface { index: 8, mtu: Some(1500), name: "veth1938a996", hardware_addr: Some(V6(MacAddr6([234, 85, 40, 78, 19, 177]))), flags: Flags(UP | BROADCAST) }]
12:49:45 [WARN] Specified IFLA_INET6_CONF NLA attribute holds more(most likely new kernel) data which is unknown to netlink-packet-route crate, expecting 236, got 240
12:49:45 [WARN] Specified IFLA_INET6_ICMP6STATS NLA attribute holds more(most likely new kernel) data which is unknown to netlink-packet-route crate, expecting 48, got 56
12:49:45 [WARN] Specified IFLA_INET6_CONF NLA attribute holds more(most likely new kernel) data which is unknown to netlink-packet-route crate, expecting 236, got 240
12:49:45 [WARN] Specified IFLA_INET6_ICMP6STATS NLA attribute holds more(most likely new kernel) data which is unknown to netlink-packet-route crate, expecting 48, got 56
12:49:45 [WARN] Specified IFLA_INET6_CONF NLA attribute holds more(most likely new kernel) data which is unknown to netlink-packet-route crate, expecting 236, got 240
12:49:45 [WARN] Specified IFLA_INET6_ICMP6STATS NLA attribute holds more(most likely new kernel) data which is unknown to netlink-packet-route crate, expecting 48, got 56
12:49:45 [WARN] Specified IFLA_INET6_CONF NLA attribute holds more(most likely new kernel) data which is unknown to netlink-packet-route crate, expecting 236, got 240
12:49:45 [WARN] Specified IFLA_INET6_ICMP6STATS NLA attribute holds more(most likely new kernel) data which is unknown to netlink-packet-route crate, expecting 48, got 56
12:49:45 [WARN] Specified IFLA_INET6_CONF NLA attribute holds more(most likely new kernel) data which is unknown to netlink-packet-route crate, expecting 236, got 240
12:49:45 [WARN] Specified IFLA_INET6_ICMP6STATS NLA attribute holds more(most likely new kernel) data which is unknown to netlink-packet-route crate, expecting 48, got 56
12:49:45 [WARN] Specified IFLA_INET6_CONF NLA attribute holds more(most likely new kernel) data which is unknown to netlink-packet-route crate, expecting 236, got 240
12:49:45 [WARN] Specified IFLA_INET6_ICMP6STATS NLA attribute holds more(most likely new kernel) data which is unknown to netlink-packet-route crate, expecting 48, got 56
12:49:45 [WARN] Specified IFLA_INET6_CONF NLA attribute holds more(most likely new kernel) data which is unknown to netlink-packet-route crate, expecting 236, got 240
12:49:45 [WARN] Specified IFLA_INET6_ICMP6STATS NLA attribute holds more(most likely new kernel) data which is unknown to netlink-packet-route crate, expecting 48, got 56
12:49:45 [DEBUG] (1) libbridge: success! SuccessReply {
    cni_version: Version {
        major: 1,
        minor: 0,
        patch: 0,
        pre: [],
        build: [],
    },
    interfaces: [
        Interface {
            name: "single0",
            mac: Some(
                MacAddr(
                    MacAddr6(
                        [
                            226,
                            202,
                            157,
                            84,
                            169,
                            60,
                        ],
                    ),
                ),
            ),
            sandbox: "",
        },
        Interface {
            name: "veth1938a996",
            mac: Some(
                MacAddr(
                    MacAddr6(
                        [
                            138,
                            125,
                            13,
                            230,
                            90,
                            7,
                        ],
                    ),
                ),
            ),
            sandbox: "/proc/152340/task/152340/ns/net",
        },
        Interface {
            name: "vethcni0",
            mac: None,
            sandbox: "/proc/152337/ns/net",
        },
    ],
    ips: [
        Ip {
            address: V4(
                Ipv4Network {
                    addr: 10.10.0.2,
                    prefix: 16,
                },
            ),
            gateway: Some(
                10.10.2.1,
            ),
            interface: Some(
                2,
            ),
        },
    ],
    routes: [],
    dns: Dns {
        nameservers: [],
        domain: None,
        search: [],
        options: [],
    },
    specific: {},
}
12:49:45 [DEBUG] (1) cni_plugin::reply: replying with SuccessReply {
    cni_version: Version {
        major: 1,
        minor: 0,
        patch: 0,
        pre: [],
        build: [],
    },
    interfaces: [
        Interface {
            name: "single0",
            mac: Some(
                MacAddr(
                    MacAddr6(
                        [
                            226,
                            202,
                            157,
                            84,
                            169,
                            60,
                        ],
                    ),
                ),
            ),
            sandbox: "",
        },
        Interface {
            name: "veth1938a996",
            mac: Some(
                MacAddr(
                    MacAddr6(
                        [
                            138,
                            125,
                            13,
                            230,
                            90,
                            7,
                        ],
                    ),
                ),
            ),
            sandbox: "/proc/152340/task/152340/ns/net",
        },
        Interface {
            name: "vethcni0",
            mac: None,
            sandbox: "/proc/152337/ns/net",
        },
    ],
    ips: [
        Ip {
            address: V4(
                Ipv4Network {
                    addr: 10.10.0.2,
                    prefix: 16,
                },
            ),
            gateway: Some(
                10.10.2.1,
            ),
            interface: Some(
                2,
            ),
        },
    ],
    routes: [],
    dns: Dns {
        nameservers: [],
        domain: None,
        search: [],
        options: [],
    },
    specific: {},
}
12:55:36 [DEBUG] (1) libbridge: libbridge (CNI bridge plugin) version 0.1.0
12:55:36 [DEBUG] (1) cni_plugin::cni: CNI plugin built with cni-plugin crate version 0.2.1
12:55:36 [DEBUG] (1) cni_plugin::cni: read env var CNI_PATH = "/opt/cni/bin"
12:55:36 [DEBUG] (1) cni_plugin::cni: reading stdin til EOF...
12:55:36 [DEBUG] (1) cni_plugin::cni: read payload bytes=376
12:55:36 [DEBUG] (1) cni_plugin::cni: read env var CNI_COMMAND = "DEL"
12:55:36 [DEBUG] (1) cni_plugin::cni: read env var CNI_CONTAINERID = "152337"
12:55:36 [DEBUG] (1) cni_plugin::cni: read env var CNI_IFNAME = "vethcni0"
12:55:36 [DEBUG] (1) cni_plugin::cni: read env var CNI_NETNS = "/proc/152337/ns/net"
12:55:36 [INFO] (1) libbridge: libbridge serving spec v1.0.0 for command=Del
12:55:36 [INFO] (1) libbridge: (CNI bridge plugin) version bridge config: BridgeNetConf { net_conf: NetworkConfig { cni_version: Version { major: 1, minor: 0, patch: 0, pre: [], build: [] }, name: "single-net", plugin: "libbridge", args: {}, ip_masq: false, ipam: Some(IpamConfig { plugin: "libipam", specific: {"routes": Null, "dataDir": Null, "ranges": Array [Array [Object {"gateway": String("10.10.2.1"), "subnet": String("10.10.0.0/16")}]], "name": Null, "resolvConf": Null} }), dns: None, runtime: None, prev_result: None, specific: {"vlan_trunk": Null, "mac_spoof_check": Null, "cni_version": String("1.0.0"), "is_gateway": Bool(true), "hairpin_mode": Null, "is_default_gateway": Null} }, br_name: Some("single0"), is_gw: None, is_default_gw: None, force_address: None, mtu: Some(1500), hairpin_mode: None, promisc_mode: None, vlan: None, vlan_trunk: None, preserve_default_vlan: Some(true), mac_spoof_chk: None, enable_dad: None, disable_container_interface: None, port_isolation: None, args: None, mac: None, vlans: Some([]) }
12:55:36 [WARN] Specified IFLA_INET6_CONF NLA attribute holds more(most likely new kernel) data which is unknown to netlink-packet-route crate, expecting 236, got 240
12:55:36 [WARN] Specified IFLA_INET6_ICMP6STATS NLA attribute holds more(most likely new kernel) data which is unknown to netlink-packet-route crate, expecting 48, got 56
12:55:36 [INFO] (1) cni_plugin::delegation: delegating to plugin at /opt/cni/bin/libipam for command=DEL
12:55:36 [DEBUG] (1) cni_plugin::delegation: spawing child process, async=smol
12:55:36 [DEBUG] (1) cni_plugin::delegation: taking child stdin
12:55:36 [DEBUG] (1) cni_plugin::delegation: copying bytes=349 to stdin
12:55:36 [DEBUG] (1) cni_plugin::delegation: closing stdin
12:55:36 [DEBUG] (1) cni_plugin::delegation: dropping stdin handle
12:55:36 [DEBUG] (1) cni_plugin::delegation: awaiting child
12:55:36 [INFO] (1) cni_plugin::delegation: delegate plugin at /opt/cni/bin/libipam for command=DEL has returned with exit status: 0; stdout bytes=52
12:55:36 [DEBUG] (1) libbridge: success! SuccessReply {
    cni_version: Version {
        major: 1,
        minor: 0,
        patch: 0,
        pre: [],
        build: [],
    },
    interfaces: [],
    ips: [],
    routes: [],
    dns: Dns {
        nameservers: [],
        domain: None,
        search: [],
        options: [],
    },
    specific: {},
}
12:55:36 [DEBUG] (1) cni_plugin::reply: replying with SuccessReply {
    cni_version: Version {
        major: 1,
        minor: 0,
        patch: 0,
        pre: [],
        build: [],
    },
    interfaces: [],
    ips: [],
    routes: [],
    dns: Dns {
        nameservers: [],
        domain: None,
        search: [],
        options: [],
    },
    specific: {},
}
07:08:14 [DEBUG] (1) libbridge: libbridge (CNI bridge plugin) version 0.1.0
07:08:14 [DEBUG] (1) cni_plugin::cni: CNI plugin built with cni-plugin crate version 0.2.1
07:08:14 [DEBUG] (1) cni_plugin::cni: read env var CNI_PATH = "/opt/cni/bin"
07:08:14 [DEBUG] (1) cni_plugin::cni: reading stdin til EOF...
07:08:14 [DEBUG] (1) cni_plugin::cni: read payload bytes=0
07:08:14 [ERROR] missing input network config
07:08:14 [DEBUG] (1) cni_plugin::reply: replying with ErrorReply {
    cni_version: Version {
        major: 1,
        minor: 0,
        patch: 0,
        pre: [],
        build: [],
    },
    code: 7,
    msg: "Missing payload",
    details: "missing input network config",
}
07:08:14 [DEBUG] (1) libbridge: libbridge (CNI bridge plugin) version 0.1.0
07:08:14 [DEBUG] (1) cni_plugin::cni: CNI plugin built with cni-plugin crate version 0.2.1
07:08:14 [DEBUG] (1) cni_plugin::cni: read env var CNI_PATH = "/opt/cni/bin"
07:08:14 [DEBUG] (1) cni_plugin::cni: reading stdin til EOF...
07:08:14 [DEBUG] (1) cni_plugin::cni: read payload bytes=376
07:08:14 [DEBUG] (1) cni_plugin::cni: read env var CNI_COMMAND = "ADD"
07:08:14 [DEBUG] (1) cni_plugin::cni: read env var CNI_CONTAINERID = "167092"
07:08:14 [DEBUG] (1) cni_plugin::cni: read env var CNI_IFNAME = "vethcni0"
07:08:14 [DEBUG] (1) cni_plugin::cni: read env var CNI_NETNS = "/proc/167092/ns/net"
07:08:14 [INFO] (1) libbridge: libbridge serving spec v1.0.0 for command=Add
07:08:14 [INFO] (1) libbridge: (CNI bridge plugin) version bridge config: BridgeNetConf { net_conf: NetworkConfig { cni_version: Version { major: 1, minor: 0, patch: 0, pre: [], build: [] }, name: "single-net", plugin: "libbridge", args: {}, ip_masq: false, ipam: Some(IpamConfig { plugin: "libipam", specific: {"resolvConf": Null, "ranges": Array [Array [Object {"gateway": String("10.10.2.1"), "subnet": String("10.10.0.0/16")}]], "routes": Null, "dataDir": Null, "name": Null} }), dns: None, runtime: None, prev_result: None, specific: {"is_gateway": Bool(true), "cni_version": String("1.0.0"), "is_default_gateway": Null, "mac_spoof_check": Null, "vlan_trunk": Null, "hairpin_mode": Null} }, br_name: Some("single0"), is_gw: None, is_default_gw: None, force_address: None, mtu: Some(1500), hairpin_mode: None, promisc_mode: None, vlan: None, vlan_trunk: None, preserve_default_vlan: Some(true), mac_spoof_chk: None, enable_dad: None, disable_container_interface: None, port_isolation: None, args: None, mac: None, vlans: Some([]) }
07:08:14 [WARN] Specified IFLA_INET6_CONF NLA attribute holds more(most likely new kernel) data which is unknown to netlink-packet-route crate, expecting 236, got 240
07:08:14 [WARN] Specified IFLA_INET6_ICMP6STATS NLA attribute holds more(most likely new kernel) data which is unknown to netlink-packet-route crate, expecting 48, got 56
07:08:14 [WARN] Specified IFLA_INET6_CONF NLA attribute holds more(most likely new kernel) data which is unknown to netlink-packet-route crate, expecting 236, got 240
07:08:14 [WARN] Specified IFLA_INET6_ICMP6STATS NLA attribute holds more(most likely new kernel) data which is unknown to netlink-packet-route crate, expecting 48, got 56
07:08:14 [WARN] Specified IFLA_INET6_CONF NLA attribute holds more(most likely new kernel) data which is unknown to netlink-packet-route crate, expecting 236, got 240
07:08:14 [WARN] Specified IFLA_INET6_ICMP6STATS NLA attribute holds more(most likely new kernel) data which is unknown to netlink-packet-route crate, expecting 48, got 56
07:08:14 [INFO] (1) libbridge: netns: "NS(4:4026532960)"
07:08:14 [INFO] (1) libbridge: host_ns: "NS(4:4026532690)"
07:08:14 [INFO] (1) libcni::ip::veth: Creating veth pair: container_veth_name=vethcni0, host_veth_name=veth0237c081
07:08:14 [WARN] Specified IFLA_INET6_CONF NLA attribute holds more(most likely new kernel) data which is unknown to netlink-packet-route crate, expecting 236, got 240
07:08:14 [WARN] Specified IFLA_INET6_ICMP6STATS NLA attribute holds more(most likely new kernel) data which is unknown to netlink-packet-route crate, expecting 48, got 56
07:08:14 [INFO] (1) libbridge: veth: Veth { interface: Interface { name: "vethcni0", mac: None, ns: Netns { f: File { fd: 18, path: "net:[4026532960]", read: true, write: false }, path: Some("/proc/167092/ns/net") } }, peer_inf: Interface { name: "veth0237c081", mac: None, ns: Netns { f: File { fd: 19, path: "net:[4026532690]", read: true, write: false }, path: Some("/proc/167095/task/167095/ns/net") } } }
07:08:14 [WARN] Specified IFLA_INET6_CONF NLA attribute holds more(most likely new kernel) data which is unknown to netlink-packet-route crate, expecting 236, got 240
07:08:14 [WARN] Specified IFLA_INET6_ICMP6STATS NLA attribute holds more(most likely new kernel) data which is unknown to netlink-packet-route crate, expecting 48, got 56
07:08:14 [WARN] Specified IFLA_INET6_CONF NLA attribute holds more(most likely new kernel) data which is unknown to netlink-packet-route crate, expecting 236, got 240
07:08:14 [WARN] Specified IFLA_INET6_ICMP6STATS NLA attribute holds more(most likely new kernel) data which is unknown to netlink-packet-route crate, expecting 48, got 56
07:08:14 [DEBUG] (1) libbridge:  veth :Veth { interface: Interface { name: "vethcni0", mac: None, ns: Netns { f: File { fd: 18, path: "net:[4026532960]", read: true, write: false }, path: Some("/proc/167092/ns/net") } }, peer_inf: Interface { name: "veth0237c081", mac: Some(MacAddr(MacAddr6([142, 176, 196, 252, 216, 145]))), ns: Netns { f: File { fd: 19, path: "net:[4026532690]", read: true, write: false }, path: Some("/proc/167095/task/167095/ns/net") } } }
07:08:14 [INFO] (1) cni_plugin::delegation: delegating to plugin at /opt/cni/bin/libipam for command=ADD
07:08:14 [DEBUG] (1) cni_plugin::delegation: spawing child process, async=smol
07:08:14 [DEBUG] (1) cni_plugin::delegation: taking child stdin
07:08:14 [DEBUG] (1) cni_plugin::delegation: copying bytes=349 to stdin
07:08:14 [DEBUG] (1) cni_plugin::delegation: closing stdin
07:08:14 [DEBUG] (1) cni_plugin::delegation: dropping stdin handle
07:08:14 [DEBUG] (1) cni_plugin::delegation: awaiting child
07:08:14 [INFO] (1) cni_plugin::delegation: delegate plugin at /opt/cni/bin/libipam for command=ADD has returned with exit status: 0; stdout bytes=100
07:08:14 [DEBUG] (1) libbridge: ipam_result:IpamSuccessReply { cni_version: Version { major: 1, minor: 0, patch: 0, pre: [], build: [] }, ips: [Ip { address: V4(Ipv4Network { addr: 10.10.0.3, prefix: 16 }), gateway: Some(10.10.2.1), interface: None }], routes: [], dns: Dns { nameservers: [], domain: None, search: [], options: [] }, specific: {} }
07:08:14 [DEBUG] (1) libbridge: bridge_result:SuccessReply { cni_version: Version { major: 1, minor: 0, patch: 0, pre: [], build: [] }, interfaces: [Interface { name: "single0", mac: Some(MacAddr(MacAddr6([130, 56, 146, 208, 97, 195]))), sandbox: "" }, Interface { name: "veth0237c081", mac: Some(MacAddr(MacAddr6([142, 176, 196, 252, 216, 145]))), sandbox: "/proc/167095/task/167095/ns/net" }, Interface { name: "vethcni0", mac: None, sandbox: "/proc/167092/ns/net" }], ips: [Ip { address: V4(Ipv4Network { addr: 10.10.0.3, prefix: 16 }), gateway: Some(10.10.2.1), interface: None }], routes: [], dns: Dns { nameservers: [], domain: None, search: [], options: [] }, specific: {} }
07:08:14 [INFO] (1) libbridge: gateway_infos: []
07:08:14 [INFO] (1) libbridge: bridge_result: SuccessReply { cni_version: Version { major: 1, minor: 0, patch: 0, pre: [], build: [] }, interfaces: [Interface { name: "single0", mac: Some(MacAddr(MacAddr6([130, 56, 146, 208, 97, 195]))), sandbox: "" }, Interface { name: "veth0237c081", mac: Some(MacAddr(MacAddr6([142, 176, 196, 252, 216, 145]))), sandbox: "/proc/167095/task/167095/ns/net" }, Interface { name: "vethcni0", mac: None, sandbox: "/proc/167092/ns/net" }], ips: [Ip { address: V4(Ipv4Network { addr: 10.10.0.3, prefix: 16 }), gateway: Some(10.10.2.1), interface: Some(2) }], routes: [], dns: Dns { nameservers: [], domain: None, search: [], options: [] }, specific: {} }
07:08:14 [WARN] Specified IFLA_INET6_CONF NLA attribute holds more(most likely new kernel) data which is unknown to netlink-packet-route crate, expecting 236, got 240
07:08:14 [WARN] Specified IFLA_INET6_ICMP6STATS NLA attribute holds more(most likely new kernel) data which is unknown to netlink-packet-route crate, expecting 48, got 56
07:08:14 [DEBUG] (1) libcni::ip::ipam: ips:[Ip { address: V4(Ipv4Network { addr: 10.10.0.3, prefix: 16 }), gateway: Some(10.10.2.1), interface: Some(2) }]
07:08:14 [DEBUG] (1) libcni::ip::ipam: add ip:[Ip { address: V4(Ipv4Network { addr: 10.10.0.3, prefix: 16 }), gateway: Some(10.10.2.1), interface: Some(2) }] to:"vethcni0"
07:08:14 [DEBUG] (1) libcni::ip::addr: container ip add :10.10.0.3
07:08:14 [DEBUG] (1) libcni::ip::addr: container ip add success
07:08:14 [WARN] Specified IFLA_INET6_CONF NLA attribute holds more(most likely new kernel) data which is unknown to netlink-packet-route crate, expecting 236, got 240
07:08:14 [WARN] Specified IFLA_INET6_ICMP6STATS NLA attribute holds more(most likely new kernel) data which is unknown to netlink-packet-route crate, expecting 48, got 56
07:08:14 [WARN] Specified IFLA_INET6_CONF NLA attribute holds more(most likely new kernel) data which is unknown to netlink-packet-route crate, expecting 236, got 240
07:08:14 [WARN] Specified IFLA_INET6_ICMP6STATS NLA attribute holds more(most likely new kernel) data which is unknown to netlink-packet-route crate, expecting 48, got 56
07:08:14 [WARN] Specified IFLA_INET6_CONF NLA attribute holds more(most likely new kernel) data which is unknown to netlink-packet-route crate, expecting 236, got 240
07:08:14 [WARN] Specified IFLA_INET6_ICMP6STATS NLA attribute holds more(most likely new kernel) data which is unknown to netlink-packet-route crate, expecting 48, got 56
07:08:14 [WARN] Specified IFLA_INET6_CONF NLA attribute holds more(most likely new kernel) data which is unknown to netlink-packet-route crate, expecting 236, got 240
07:08:14 [WARN] Specified IFLA_INET6_ICMP6STATS NLA attribute holds more(most likely new kernel) data which is unknown to netlink-packet-route crate, expecting 48, got 56
07:08:14 [WARN] Specified IFLA_INET6_CONF NLA attribute holds more(most likely new kernel) data which is unknown to netlink-packet-route crate, expecting 236, got 240
07:08:14 [WARN] Specified IFLA_INET6_ICMP6STATS NLA attribute holds more(most likely new kernel) data which is unknown to netlink-packet-route crate, expecting 48, got 56
07:08:14 [WARN] Specified IFLA_INET6_CONF NLA attribute holds more(most likely new kernel) data which is unknown to netlink-packet-route crate, expecting 236, got 240
07:08:14 [WARN] Specified IFLA_INET6_ICMP6STATS NLA attribute holds more(most likely new kernel) data which is unknown to netlink-packet-route crate, expecting 48, got 56
07:08:14 [INFO] (1) libnetwork::ip: all_ifaces: [Interface { index: 1, mtu: Some(65536), name: "lo", hardware_addr: Some(V6(MacAddr6([0, 0, 0, 0, 0, 0]))), flags: Flags(UP | POINT_TO_POINT) }, Interface { index: 2, mtu: Some(1480), name: "tunl0", hardware_addr: None, flags: Flags(0x0) }, Interface { index: 3, mtu: Some(1480), name: "sit0", hardware_addr: None, flags: Flags(0x0) }, Interface { index: 4, mtu: Some(1452), name: "ip6tnl0", hardware_addr: None, flags: Flags(0x0) }, Interface { index: 5, mtu: Some(1500), name: "eth0", hardware_addr: Some(V6(MacAddr6([178, 210, 81, 3, 27, 185]))), flags: Flags(UP | BROADCAST) }, Interface { index: 6, mtu: Some(1500), name: "single0", hardware_addr: Some(V6(MacAddr6([226, 202, 157, 84, 169, 60]))), flags: Flags(UP | BROADCAST) }, Interface { index: 7, mtu: Some(1500), name: "veth0237c081", hardware_addr: Some(V6(MacAddr6([30, 219, 241, 26, 128, 83]))), flags: Flags(UP | BROADCAST) }]
07:08:14 [WARN] Specified IFLA_INET6_CONF NLA attribute holds more(most likely new kernel) data which is unknown to netlink-packet-route crate, expecting 236, got 240
07:08:14 [WARN] Specified IFLA_INET6_ICMP6STATS NLA attribute holds more(most likely new kernel) data which is unknown to netlink-packet-route crate, expecting 48, got 56
07:08:14 [WARN] Specified IFLA_INET6_CONF NLA attribute holds more(most likely new kernel) data which is unknown to netlink-packet-route crate, expecting 236, got 240
07:08:14 [WARN] Specified IFLA_INET6_ICMP6STATS NLA attribute holds more(most likely new kernel) data which is unknown to netlink-packet-route crate, expecting 48, got 56
07:08:14 [WARN] Specified IFLA_INET6_CONF NLA attribute holds more(most likely new kernel) data which is unknown to netlink-packet-route crate, expecting 236, got 240
07:08:14 [WARN] Specified IFLA_INET6_ICMP6STATS NLA attribute holds more(most likely new kernel) data which is unknown to netlink-packet-route crate, expecting 48, got 56
07:08:14 [WARN] Specified IFLA_INET6_CONF NLA attribute holds more(most likely new kernel) data which is unknown to netlink-packet-route crate, expecting 236, got 240
07:08:14 [WARN] Specified IFLA_INET6_ICMP6STATS NLA attribute holds more(most likely new kernel) data which is unknown to netlink-packet-route crate, expecting 48, got 56
07:08:14 [WARN] Specified IFLA_INET6_CONF NLA attribute holds more(most likely new kernel) data which is unknown to netlink-packet-route crate, expecting 236, got 240
07:08:14 [WARN] Specified IFLA_INET6_ICMP6STATS NLA attribute holds more(most likely new kernel) data which is unknown to netlink-packet-route crate, expecting 48, got 56
07:08:14 [WARN] Specified IFLA_INET6_CONF NLA attribute holds more(most likely new kernel) data which is unknown to netlink-packet-route crate, expecting 236, got 240
07:08:14 [WARN] Specified IFLA_INET6_ICMP6STATS NLA attribute holds more(most likely new kernel) data which is unknown to netlink-packet-route crate, expecting 48, got 56
07:08:14 [DEBUG] (1) libbridge: success! SuccessReply {
    cni_version: Version {
        major: 1,
        minor: 0,
        patch: 0,
        pre: [],
        build: [],
    },
    interfaces: [
        Interface {
            name: "single0",
            mac: Some(
                MacAddr(
                    MacAddr6(
                        [
                            130,
                            56,
                            146,
                            208,
                            97,
                            195,
                        ],
                    ),
                ),
            ),
            sandbox: "",
        },
        Interface {
            name: "veth0237c081",
            mac: Some(
                MacAddr(
                    MacAddr6(
                        [
                            142,
                            176,
                            196,
                            252,
                            216,
                            145,
                        ],
                    ),
                ),
            ),
            sandbox: "/proc/167095/task/167095/ns/net",
        },
        Interface {
            name: "vethcni0",
            mac: None,
            sandbox: "/proc/167092/ns/net",
        },
    ],
    ips: [
        Ip {
            address: V4(
                Ipv4Network {
                    addr: 10.10.0.3,
                    prefix: 16,
                },
            ),
            gateway: Some(
                10.10.2.1,
            ),
            interface: Some(
                2,
            ),
        },
    ],
    routes: [],
    dns: Dns {
        nameservers: [],
        domain: None,
        search: [],
        options: [],
    },
    specific: {},
}
07:08:14 [DEBUG] (1) cni_plugin::reply: replying with SuccessReply {
    cni_version: Version {
        major: 1,
        minor: 0,
        patch: 0,
        pre: [],
        build: [],
    },
    interfaces: [
        Interface {
            name: "single0",
            mac: Some(
                MacAddr(
                    MacAddr6(
                        [
                            130,
                            56,
                            146,
                            208,
                            97,
                            195,
                        ],
                    ),
                ),
            ),
            sandbox: "",
        },
        Interface {
            name: "veth0237c081",
            mac: Some(
                MacAddr(
                    MacAddr6(
                        [
                            142,
                            176,
                            196,
                            252,
                            216,
                            145,
                        ],
                    ),
                ),
            ),
            sandbox: "/proc/167095/task/167095/ns/net",
        },
        Interface {
            name: "vethcni0",
            mac: None,
            sandbox: "/proc/167092/ns/net",
        },
    ],
    ips: [
        Ip {
            address: V4(
                Ipv4Network {
                    addr: 10.10.0.3,
                    prefix: 16,
                },
            ),
            gateway: Some(
                10.10.2.1,
            ),
            interface: Some(
                2,
            ),
        },
    ],
    routes: [],
    dns: Dns {
        nameservers: [],
        domain: None,
        search: [],
        options: [],
    },
    specific: {},
}
07:09:10 [DEBUG] (1) libbridge: libbridge (CNI bridge plugin) version 0.1.0
07:09:10 [DEBUG] (1) cni_plugin::cni: CNI plugin built with cni-plugin crate version 0.2.1
07:09:10 [DEBUG] (1) cni_plugin::cni: read env var CNI_PATH = "/opt/cni/bin"
07:09:10 [DEBUG] (1) cni_plugin::cni: reading stdin til EOF...
07:09:10 [DEBUG] (1) cni_plugin::cni: read payload bytes=376
07:09:10 [DEBUG] (1) cni_plugin::cni: read env var CNI_COMMAND = "DEL"
07:09:10 [DEBUG] (1) cni_plugin::cni: read env var CNI_CONTAINERID = "167092"
07:09:10 [DEBUG] (1) cni_plugin::cni: read env var CNI_IFNAME = "vethcni0"
07:09:10 [DEBUG] (1) cni_plugin::cni: read env var CNI_NETNS = "/proc/167092/ns/net"
07:09:10 [INFO] (1) libbridge: libbridge serving spec v1.0.0 for command=Del
07:09:10 [INFO] (1) libbridge: (CNI bridge plugin) version bridge config: BridgeNetConf { net_conf: NetworkConfig { cni_version: Version { major: 1, minor: 0, patch: 0, pre: [], build: [] }, name: "single-net", plugin: "libbridge", args: {}, ip_masq: false, ipam: Some(IpamConfig { plugin: "libipam", specific: {"routes": Null, "name": Null, "dataDir": Null, "resolvConf": Null, "ranges": Array [Array [Object {"gateway": String("10.10.2.1"), "subnet": String("10.10.0.0/16")}]]} }), dns: None, runtime: None, prev_result: None, specific: {"is_default_gateway": Null, "mac_spoof_check": Null, "vlan_trunk": Null, "cni_version": String("1.0.0"), "hairpin_mode": Null, "is_gateway": Bool(true)} }, br_name: Some("single0"), is_gw: None, is_default_gw: None, force_address: None, mtu: Some(1500), hairpin_mode: None, promisc_mode: None, vlan: None, vlan_trunk: None, preserve_default_vlan: Some(true), mac_spoof_chk: None, enable_dad: None, disable_container_interface: None, port_isolation: None, args: None, mac: None, vlans: Some([]) }
07:09:10 [WARN] Specified IFLA_INET6_CONF NLA attribute holds more(most likely new kernel) data which is unknown to netlink-packet-route crate, expecting 236, got 240
07:09:10 [WARN] Specified IFLA_INET6_ICMP6STATS NLA attribute holds more(most likely new kernel) data which is unknown to netlink-packet-route crate, expecting 48, got 56
07:09:10 [INFO] (1) cni_plugin::delegation: delegating to plugin at /opt/cni/bin/libipam for command=DEL
07:09:10 [DEBUG] (1) cni_plugin::delegation: spawing child process, async=smol
07:09:10 [DEBUG] (1) cni_plugin::delegation: taking child stdin
07:09:10 [DEBUG] (1) cni_plugin::delegation: copying bytes=349 to stdin
07:09:10 [DEBUG] (1) cni_plugin::delegation: closing stdin
07:09:10 [DEBUG] (1) cni_plugin::delegation: dropping stdin handle
07:09:10 [DEBUG] (1) cni_plugin::delegation: awaiting child
07:09:10 [INFO] (1) cni_plugin::delegation: delegate plugin at /opt/cni/bin/libipam for command=DEL has returned with exit status: 0; stdout bytes=52
07:09:10 [DEBUG] (1) libbridge: success! SuccessReply {
    cni_version: Version {
        major: 1,
        minor: 0,
        patch: 0,
        pre: [],
        build: [],
    },
    interfaces: [],
    ips: [],
    routes: [],
    dns: Dns {
        nameservers: [],
        domain: None,
        search: [],
        options: [],
    },
    specific: {},
}
07:09:10 [DEBUG] (1) cni_plugin::reply: replying with SuccessReply {
    cni_version: Version {
        major: 1,
        minor: 0,
        patch: 0,
        pre: [],
        build: [],
    },
    interfaces: [],
    ips: [],
    routes: [],
    dns: Dns {
        nameservers: [],
        domain: None,
        search: [],
        options: [],
    },
    specific: {},
}
07:09:39 [DEBUG] (1) libbridge: libbridge (CNI bridge plugin) version 0.1.0
07:09:39 [DEBUG] (1) cni_plugin::cni: CNI plugin built with cni-plugin crate version 0.2.1
07:09:39 [DEBUG] (1) cni_plugin::cni: read env var CNI_PATH = "/opt/cni/bin"
07:09:39 [DEBUG] (1) cni_plugin::cni: reading stdin til EOF...
07:09:39 [DEBUG] (1) cni_plugin::cni: read payload bytes=376
07:09:39 [DEBUG] (1) cni_plugin::cni: read env var CNI_COMMAND = "DEL"
07:09:39 [DEBUG] (1) cni_plugin::cni: read env var CNI_CONTAINERID = "167125"
07:09:39 [DEBUG] (1) cni_plugin::cni: read env var CNI_IFNAME = "vethcni0"
07:09:39 [DEBUG] (1) cni_plugin::cni: read env var CNI_NETNS = "/proc/167125/ns/net"
07:09:39 [INFO] (1) libbridge: libbridge serving spec v1.0.0 for command=Del
07:09:39 [INFO] (1) libbridge: (CNI bridge plugin) version bridge config: BridgeNetConf { net_conf: NetworkConfig { cni_version: Version { major: 1, minor: 0, patch: 0, pre: [], build: [] }, name: "single-net", plugin: "libbridge", args: {}, ip_masq: false, ipam: Some(IpamConfig { plugin: "libipam", specific: {"name": Null, "routes": Null, "ranges": Array [Array [Object {"gateway": String("10.10.2.1"), "subnet": String("10.10.0.0/16")}]], "dataDir": Null, "resolvConf": Null} }), dns: None, runtime: None, prev_result: None, specific: {"mac_spoof_check": Null, "cni_version": String("1.0.0"), "vlan_trunk": Null, "is_gateway": Bool(true), "hairpin_mode": Null, "is_default_gateway": Null} }, br_name: Some("single0"), is_gw: None, is_default_gw: None, force_address: None, mtu: Some(1500), hairpin_mode: None, promisc_mode: None, vlan: None, vlan_trunk: None, preserve_default_vlan: Some(true), mac_spoof_chk: None, enable_dad: None, disable_container_interface: None, port_isolation: None, args: None, mac: None, vlans: Some([]) }
07:09:39 [ERROR] error: NetnsError: netns not found at path "/proc/167125/ns/net"
07:09:39 [DEBUG] (1) cni_plugin::reply: replying with ErrorReply {
    cni_version: Version {
        major: 1,
        minor: 0,
        patch: 0,
        pre: [],
        build: [],
    },
    code: 118,
    msg: "NetnsError",
    details: "netns not found at path \"/proc/167125/ns/net\"",
}
07:09:52 [DEBUG] (1) libbridge: libbridge (CNI bridge plugin) version 0.1.0
07:09:52 [DEBUG] (1) cni_plugin::cni: CNI plugin built with cni-plugin crate version 0.2.1
07:09:52 [DEBUG] (1) cni_plugin::cni: read env var CNI_PATH = "/opt/cni/bin"
07:09:52 [DEBUG] (1) cni_plugin::cni: reading stdin til EOF...
07:09:52 [DEBUG] (1) cni_plugin::cni: read payload bytes=0
07:09:52 [ERROR] missing input network config
07:09:52 [DEBUG] (1) cni_plugin::reply: replying with ErrorReply {
    cni_version: Version {
        major: 1,
        minor: 0,
        patch: 0,
        pre: [],
        build: [],
    },
    code: 7,
    msg: "Missing payload",
    details: "missing input network config",
}
07:09:52 [DEBUG] (1) libbridge: libbridge (CNI bridge plugin) version 0.1.0
07:09:52 [DEBUG] (1) cni_plugin::cni: CNI plugin built with cni-plugin crate version 0.2.1
07:09:52 [DEBUG] (1) cni_plugin::cni: read env var CNI_PATH = "/opt/cni/bin"
07:09:52 [DEBUG] (1) cni_plugin::cni: reading stdin til EOF...
07:09:52 [DEBUG] (1) cni_plugin::cni: read payload bytes=376
07:09:52 [DEBUG] (1) cni_plugin::cni: read env var CNI_COMMAND = "ADD"
07:09:52 [DEBUG] (1) cni_plugin::cni: read env var CNI_CONTAINERID = "237987"
07:09:52 [DEBUG] (1) cni_plugin::cni: read env var CNI_IFNAME = "vethcni0"
07:09:52 [DEBUG] (1) cni_plugin::cni: read env var CNI_NETNS = "/proc/237987/ns/net"
07:09:52 [INFO] (1) libbridge: libbridge serving spec v1.0.0 for command=Add
07:09:52 [INFO] (1) libbridge: (CNI bridge plugin) version bridge config: BridgeNetConf { net_conf: NetworkConfig { cni_version: Version { major: 1, minor: 0, patch: 0, pre: [], build: [] }, name: "single-net", plugin: "libbridge", args: {}, ip_masq: false, ipam: Some(IpamConfig { plugin: "libipam", specific: {"dataDir": Null, "ranges": Array [Array [Object {"gateway": String("10.10.2.1"), "subnet": String("10.10.0.0/16")}]], "resolvConf": Null, "routes": Null, "name": Null} }), dns: None, runtime: None, prev_result: None, specific: {"cni_version": String("1.0.0"), "vlan_trunk": Null, "hairpin_mode": Null, "is_default_gateway": Null, "mac_spoof_check": Null, "is_gateway": Bool(true)} }, br_name: Some("single0"), is_gw: None, is_default_gw: None, force_address: None, mtu: Some(1500), hairpin_mode: None, promisc_mode: None, vlan: None, vlan_trunk: None, preserve_default_vlan: Some(true), mac_spoof_chk: None, enable_dad: None, disable_container_interface: None, port_isolation: None, args: None, mac: None, vlans: Some([]) }
07:09:52 [WARN] Specified IFLA_INET6_CONF NLA attribute holds more(most likely new kernel) data which is unknown to netlink-packet-route crate, expecting 236, got 240
07:09:52 [WARN] Specified IFLA_INET6_ICMP6STATS NLA attribute holds more(most likely new kernel) data which is unknown to netlink-packet-route crate, expecting 48, got 56
07:09:52 [WARN] Specified IFLA_INET6_CONF NLA attribute holds more(most likely new kernel) data which is unknown to netlink-packet-route crate, expecting 236, got 240
07:09:52 [WARN] Specified IFLA_INET6_ICMP6STATS NLA attribute holds more(most likely new kernel) data which is unknown to netlink-packet-route crate, expecting 48, got 56
07:09:52 [WARN] Specified IFLA_INET6_CONF NLA attribute holds more(most likely new kernel) data which is unknown to netlink-packet-route crate, expecting 236, got 240
07:09:52 [WARN] Specified IFLA_INET6_ICMP6STATS NLA attribute holds more(most likely new kernel) data which is unknown to netlink-packet-route crate, expecting 48, got 56
07:09:52 [INFO] (1) libbridge: netns: "NS(4:4026532960)"
07:09:52 [INFO] (1) libbridge: host_ns: "NS(4:4026532690)"
07:09:52 [INFO] (1) libcni::ip::veth: Creating veth pair: container_veth_name=vethcni0, host_veth_name=veth9e7839b9
07:09:52 [WARN] Specified IFLA_INET6_CONF NLA attribute holds more(most likely new kernel) data which is unknown to netlink-packet-route crate, expecting 236, got 240
07:09:52 [WARN] Specified IFLA_INET6_ICMP6STATS NLA attribute holds more(most likely new kernel) data which is unknown to netlink-packet-route crate, expecting 48, got 56
07:09:52 [INFO] (1) libbridge: veth: Veth { interface: Interface { name: "vethcni0", mac: None, ns: Netns { f: File { fd: 18, path: "net:[4026532960]", read: true, write: false }, path: Some("/proc/237987/ns/net") } }, peer_inf: Interface { name: "veth9e7839b9", mac: None, ns: Netns { f: File { fd: 19, path: "net:[4026532690]", read: true, write: false }, path: Some("/proc/237990/task/237990/ns/net") } } }
07:09:52 [WARN] Specified IFLA_INET6_CONF NLA attribute holds more(most likely new kernel) data which is unknown to netlink-packet-route crate, expecting 236, got 240
07:09:52 [WARN] Specified IFLA_INET6_ICMP6STATS NLA attribute holds more(most likely new kernel) data which is unknown to netlink-packet-route crate, expecting 48, got 56
07:09:52 [WARN] Specified IFLA_INET6_CONF NLA attribute holds more(most likely new kernel) data which is unknown to netlink-packet-route crate, expecting 236, got 240
07:09:52 [WARN] Specified IFLA_INET6_ICMP6STATS NLA attribute holds more(most likely new kernel) data which is unknown to netlink-packet-route crate, expecting 48, got 56
07:09:52 [DEBUG] (1) libbridge:  veth :Veth { interface: Interface { name: "vethcni0", mac: None, ns: Netns { f: File { fd: 18, path: "net:[4026532960]", read: true, write: false }, path: Some("/proc/237987/ns/net") } }, peer_inf: Interface { name: "veth9e7839b9", mac: Some(MacAddr(MacAddr6([218, 43, 3, 80, 72, 220]))), ns: Netns { f: File { fd: 19, path: "net:[4026532690]", read: true, write: false }, path: Some("/proc/237990/task/237990/ns/net") } } }
07:09:52 [INFO] (1) cni_plugin::delegation: delegating to plugin at /opt/cni/bin/libipam for command=ADD
07:09:52 [DEBUG] (1) cni_plugin::delegation: spawing child process, async=smol
07:09:52 [DEBUG] (1) cni_plugin::delegation: taking child stdin
07:09:52 [DEBUG] (1) cni_plugin::delegation: copying bytes=349 to stdin
07:09:52 [DEBUG] (1) cni_plugin::delegation: closing stdin
07:09:52 [DEBUG] (1) cni_plugin::delegation: dropping stdin handle
07:09:52 [DEBUG] (1) cni_plugin::delegation: awaiting child
07:09:52 [INFO] (1) cni_plugin::delegation: delegate plugin at /opt/cni/bin/libipam for command=ADD has returned with exit status: 0; stdout bytes=100
07:09:52 [DEBUG] (1) libbridge: ipam_result:IpamSuccessReply { cni_version: Version { major: 1, minor: 0, patch: 0, pre: [], build: [] }, ips: [Ip { address: V4(Ipv4Network { addr: 10.10.0.4, prefix: 16 }), gateway: Some(10.10.2.1), interface: None }], routes: [], dns: Dns { nameservers: [], domain: None, search: [], options: [] }, specific: {} }
07:09:52 [DEBUG] (1) libbridge: bridge_result:SuccessReply { cni_version: Version { major: 1, minor: 0, patch: 0, pre: [], build: [] }, interfaces: [Interface { name: "single0", mac: Some(MacAddr(MacAddr6([226, 202, 157, 84, 169, 60]))), sandbox: "" }, Interface { name: "veth9e7839b9", mac: Some(MacAddr(MacAddr6([218, 43, 3, 80, 72, 220]))), sandbox: "/proc/237990/task/237990/ns/net" }, Interface { name: "vethcni0", mac: None, sandbox: "/proc/237987/ns/net" }], ips: [Ip { address: V4(Ipv4Network { addr: 10.10.0.4, prefix: 16 }), gateway: Some(10.10.2.1), interface: None }], routes: [], dns: Dns { nameservers: [], domain: None, search: [], options: [] }, specific: {} }
07:09:52 [INFO] (1) libbridge: gateway_infos: []
07:09:52 [INFO] (1) libbridge: bridge_result: SuccessReply { cni_version: Version { major: 1, minor: 0, patch: 0, pre: [], build: [] }, interfaces: [Interface { name: "single0", mac: Some(MacAddr(MacAddr6([226, 202, 157, 84, 169, 60]))), sandbox: "" }, Interface { name: "veth9e7839b9", mac: Some(MacAddr(MacAddr6([218, 43, 3, 80, 72, 220]))), sandbox: "/proc/237990/task/237990/ns/net" }, Interface { name: "vethcni0", mac: None, sandbox: "/proc/237987/ns/net" }], ips: [Ip { address: V4(Ipv4Network { addr: 10.10.0.4, prefix: 16 }), gateway: Some(10.10.2.1), interface: Some(2) }], routes: [], dns: Dns { nameservers: [], domain: None, search: [], options: [] }, specific: {} }
07:09:52 [WARN] Specified IFLA_INET6_CONF NLA attribute holds more(most likely new kernel) data which is unknown to netlink-packet-route crate, expecting 236, got 240
07:09:52 [WARN] Specified IFLA_INET6_ICMP6STATS NLA attribute holds more(most likely new kernel) data which is unknown to netlink-packet-route crate, expecting 48, got 56
07:09:52 [DEBUG] (1) libcni::ip::ipam: ips:[Ip { address: V4(Ipv4Network { addr: 10.10.0.4, prefix: 16 }), gateway: Some(10.10.2.1), interface: Some(2) }]
07:09:52 [DEBUG] (1) libcni::ip::ipam: add ip:[Ip { address: V4(Ipv4Network { addr: 10.10.0.4, prefix: 16 }), gateway: Some(10.10.2.1), interface: Some(2) }] to:"vethcni0"
07:09:52 [DEBUG] (1) libcni::ip::addr: container ip add :10.10.0.4
07:09:52 [DEBUG] (1) libcni::ip::addr: container ip add success
07:09:52 [WARN] Specified IFLA_INET6_CONF NLA attribute holds more(most likely new kernel) data which is unknown to netlink-packet-route crate, expecting 236, got 240
07:09:52 [WARN] Specified IFLA_INET6_ICMP6STATS NLA attribute holds more(most likely new kernel) data which is unknown to netlink-packet-route crate, expecting 48, got 56
07:09:52 [WARN] Specified IFLA_INET6_CONF NLA attribute holds more(most likely new kernel) data which is unknown to netlink-packet-route crate, expecting 236, got 240
07:09:52 [WARN] Specified IFLA_INET6_ICMP6STATS NLA attribute holds more(most likely new kernel) data which is unknown to netlink-packet-route crate, expecting 48, got 56
07:09:52 [WARN] Specified IFLA_INET6_CONF NLA attribute holds more(most likely new kernel) data which is unknown to netlink-packet-route crate, expecting 236, got 240
07:09:52 [WARN] Specified IFLA_INET6_ICMP6STATS NLA attribute holds more(most likely new kernel) data which is unknown to netlink-packet-route crate, expecting 48, got 56
07:09:52 [WARN] Specified IFLA_INET6_CONF NLA attribute holds more(most likely new kernel) data which is unknown to netlink-packet-route crate, expecting 236, got 240
07:09:52 [WARN] Specified IFLA_INET6_ICMP6STATS NLA attribute holds more(most likely new kernel) data which is unknown to netlink-packet-route crate, expecting 48, got 56
07:09:52 [WARN] Specified IFLA_INET6_CONF NLA attribute holds more(most likely new kernel) data which is unknown to netlink-packet-route crate, expecting 236, got 240
07:09:52 [WARN] Specified IFLA_INET6_ICMP6STATS NLA attribute holds more(most likely new kernel) data which is unknown to netlink-packet-route crate, expecting 48, got 56
07:09:52 [WARN] Specified IFLA_INET6_CONF NLA attribute holds more(most likely new kernel) data which is unknown to netlink-packet-route crate, expecting 236, got 240
07:09:52 [WARN] Specified IFLA_INET6_ICMP6STATS NLA attribute holds more(most likely new kernel) data which is unknown to netlink-packet-route crate, expecting 48, got 56
07:09:52 [INFO] (1) libnetwork::ip: all_ifaces: [Interface { index: 1, mtu: Some(65536), name: "lo", hardware_addr: Some(V6(MacAddr6([0, 0, 0, 0, 0, 0]))), flags: Flags(UP | POINT_TO_POINT) }, Interface { index: 2, mtu: Some(1480), name: "tunl0", hardware_addr: None, flags: Flags(0x0) }, Interface { index: 3, mtu: Some(1480), name: "sit0", hardware_addr: None, flags: Flags(0x0) }, Interface { index: 4, mtu: Some(1452), name: "ip6tnl0", hardware_addr: None, flags: Flags(0x0) }, Interface { index: 5, mtu: Some(1500), name: "eth0", hardware_addr: Some(V6(MacAddr6([178, 210, 81, 3, 27, 185]))), flags: Flags(UP | BROADCAST) }, Interface { index: 6, mtu: Some(1500), name: "single0", hardware_addr: Some(V6(MacAddr6([226, 202, 157, 84, 169, 60]))), flags: Flags(UP | BROADCAST) }, Interface { index: 8, mtu: Some(1500), name: "veth9e7839b9", hardware_addr: Some(V6(MacAddr6([62, 22, 223, 82, 17, 63]))), flags: Flags(UP | BROADCAST) }]
07:09:52 [WARN] Specified IFLA_INET6_CONF NLA attribute holds more(most likely new kernel) data which is unknown to netlink-packet-route crate, expecting 236, got 240
07:09:52 [WARN] Specified IFLA_INET6_ICMP6STATS NLA attribute holds more(most likely new kernel) data which is unknown to netlink-packet-route crate, expecting 48, got 56
07:09:52 [WARN] Specified IFLA_INET6_CONF NLA attribute holds more(most likely new kernel) data which is unknown to netlink-packet-route crate, expecting 236, got 240
07:09:52 [WARN] Specified IFLA_INET6_ICMP6STATS NLA attribute holds more(most likely new kernel) data which is unknown to netlink-packet-route crate, expecting 48, got 56
07:09:52 [WARN] Specified IFLA_INET6_CONF NLA attribute holds more(most likely new kernel) data which is unknown to netlink-packet-route crate, expecting 236, got 240
07:09:52 [WARN] Specified IFLA_INET6_ICMP6STATS NLA attribute holds more(most likely new kernel) data which is unknown to netlink-packet-route crate, expecting 48, got 56
07:09:52 [WARN] Specified IFLA_INET6_CONF NLA attribute holds more(most likely new kernel) data which is unknown to netlink-packet-route crate, expecting 236, got 240
07:09:52 [WARN] Specified IFLA_INET6_ICMP6STATS NLA attribute holds more(most likely new kernel) data which is unknown to netlink-packet-route crate, expecting 48, got 56
07:09:52 [WARN] Specified IFLA_INET6_CONF NLA attribute holds more(most likely new kernel) data which is unknown to netlink-packet-route crate, expecting 236, got 240
07:09:52 [WARN] Specified IFLA_INET6_ICMP6STATS NLA attribute holds more(most likely new kernel) data which is unknown to netlink-packet-route crate, expecting 48, got 56
07:09:52 [WARN] Specified IFLA_INET6_CONF NLA attribute holds more(most likely new kernel) data which is unknown to netlink-packet-route crate, expecting 236, got 240
07:09:52 [WARN] Specified IFLA_INET6_ICMP6STATS NLA attribute holds more(most likely new kernel) data which is unknown to netlink-packet-route crate, expecting 48, got 56
07:09:52 [DEBUG] (1) libbridge: success! SuccessReply {
    cni_version: Version {
        major: 1,
        minor: 0,
        patch: 0,
        pre: [],
        build: [],
    },
    interfaces: [
        Interface {
            name: "single0",
            mac: Some(
                MacAddr(
                    MacAddr6(
                        [
                            226,
                            202,
                            157,
                            84,
                            169,
                            60,
                        ],
                    ),
                ),
            ),
            sandbox: "",
        },
        Interface {
            name: "veth9e7839b9",
            mac: Some(
                MacAddr(
                    MacAddr6(
                        [
                            218,
                            43,
                            3,
                            80,
                            72,
                            220,
                        ],
                    ),
                ),
            ),
            sandbox: "/proc/237990/task/237990/ns/net",
        },
        Interface {
            name: "vethcni0",
            mac: None,
            sandbox: "/proc/237987/ns/net",
        },
    ],
    ips: [
        Ip {
            address: V4(
                Ipv4Network {
                    addr: 10.10.0.4,
                    prefix: 16,
                },
            ),
            gateway: Some(
                10.10.2.1,
            ),
            interface: Some(
                2,
            ),
        },
    ],
    routes: [],
    dns: Dns {
        nameservers: [],
        domain: None,
        search: [],
        options: [],
    },
    specific: {},
}
07:09:52 [DEBUG] (1) cni_plugin::reply: replying with SuccessReply {
    cni_version: Version {
        major: 1,
        minor: 0,
        patch: 0,
        pre: [],
        build: [],
    },
    interfaces: [
        Interface {
            name: "single0",
            mac: Some(
                MacAddr(
                    MacAddr6(
                        [
                            226,
                            202,
                            157,
                            84,
                            169,
                            60,
                        ],
                    ),
                ),
            ),
            sandbox: "",
        },
        Interface {
            name: "veth9e7839b9",
            mac: Some(
                MacAddr(
                    MacAddr6(
                        [
                            218,
                            43,
                            3,
                            80,
                            72,
                            220,
                        ],
                    ),
                ),
            ),
            sandbox: "/proc/237990/task/237990/ns/net",
        },
        Interface {
            name: "vethcni0",
            mac: None,
            sandbox: "/proc/237987/ns/net",
        },
    ],
    ips: [
        Ip {
            address: V4(
                Ipv4Network {
                    addr: 10.10.0.4,
                    prefix: 16,
                },
            ),
            gateway: Some(
                10.10.2.1,
            ),
            interface: Some(
                2,
            ),
        },
    ],
    routes: [],
    dns: Dns {
        nameservers: [],
        domain: None,
        search: [],
        options: [],
    },
    specific: {},
}
07:13:11 [DEBUG] (1) libbridge: libbridge (CNI bridge plugin) version 0.1.0
07:13:11 [DEBUG] (1) cni_plugin::cni: CNI plugin built with cni-plugin crate version 0.2.1
07:13:11 [DEBUG] (1) cni_plugin::cni: read env var CNI_PATH = "/opt/cni/bin"
07:13:11 [DEBUG] (1) cni_plugin::cni: reading stdin til EOF...
07:13:11 [DEBUG] (1) cni_plugin::cni: read payload bytes=376
07:13:11 [DEBUG] (1) cni_plugin::cni: read env var CNI_COMMAND = "DEL"
07:13:11 [DEBUG] (1) cni_plugin::cni: read env var CNI_CONTAINERID = "238019"
07:13:11 [DEBUG] (1) cni_plugin::cni: read env var CNI_IFNAME = "vethcni0"
07:13:11 [DEBUG] (1) cni_plugin::cni: read env var CNI_NETNS = "/proc/238019/ns/net"
07:13:11 [INFO] (1) libbridge: libbridge serving spec v1.0.0 for command=Del
07:13:11 [INFO] (1) libbridge: (CNI bridge plugin) version bridge config: BridgeNetConf { net_conf: NetworkConfig { cni_version: Version { major: 1, minor: 0, patch: 0, pre: [], build: [] }, name: "single-net", plugin: "libbridge", args: {}, ip_masq: false, ipam: Some(IpamConfig { plugin: "libipam", specific: {"resolvConf": Null, "name": Null, "dataDir": Null, "ranges": Array [Array [Object {"gateway": String("10.10.2.1"), "subnet": String("10.10.0.0/16")}]], "routes": Null} }), dns: None, runtime: None, prev_result: None, specific: {"cni_version": String("1.0.0"), "hairpin_mode": Null, "mac_spoof_check": Null, "is_default_gateway": Null, "vlan_trunk": Null, "is_gateway": Bool(true)} }, br_name: Some("single0"), is_gw: None, is_default_gw: None, force_address: None, mtu: Some(1500), hairpin_mode: None, promisc_mode: None, vlan: None, vlan_trunk: None, preserve_default_vlan: Some(true), mac_spoof_chk: None, enable_dad: None, disable_container_interface: None, port_isolation: None, args: None, mac: None, vlans: Some([]) }
07:13:11 [WARN] Specified IFLA_INET6_CONF NLA attribute holds more(most likely new kernel) data which is unknown to netlink-packet-route crate, expecting 236, got 240
07:13:11 [WARN] Specified IFLA_INET6_ICMP6STATS NLA attribute holds more(most likely new kernel) data which is unknown to netlink-packet-route crate, expecting 48, got 56
07:13:11 [INFO] (1) cni_plugin::delegation: delegating to plugin at /opt/cni/bin/libipam for command=DEL
07:13:11 [DEBUG] (1) cni_plugin::delegation: spawing child process, async=smol
07:13:11 [DEBUG] (1) cni_plugin::delegation: taking child stdin
07:13:11 [DEBUG] (1) cni_plugin::delegation: copying bytes=349 to stdin
07:13:11 [DEBUG] (1) cni_plugin::delegation: closing stdin
07:13:11 [DEBUG] (1) cni_plugin::delegation: dropping stdin handle
07:13:11 [DEBUG] (1) cni_plugin::delegation: awaiting child
07:13:11 [INFO] (1) cni_plugin::delegation: delegate plugin at /opt/cni/bin/libipam for command=DEL has returned with exit status: 0; stdout bytes=52
07:13:11 [DEBUG] (1) libbridge: success! SuccessReply {
    cni_version: Version {
        major: 1,
        minor: 0,
        patch: 0,
        pre: [],
        build: [],
    },
    interfaces: [],
    ips: [],
    routes: [],
    dns: Dns {
        nameservers: [],
        domain: None,
        search: [],
        options: [],
    },
    specific: {},
}
07:13:11 [DEBUG] (1) cni_plugin::reply: replying with SuccessReply {
    cni_version: Version {
        major: 1,
        minor: 0,
        patch: 0,
        pre: [],
        build: [],
    },
    interfaces: [],
    ips: [],
    routes: [],
    dns: Dns {
        nameservers: [],
        domain: None,
        search: [],
        options: [],
    },
    specific: {},
}
07:13:15 [DEBUG] (1) libbridge: libbridge (CNI bridge plugin) version 0.1.0
07:13:15 [DEBUG] (1) cni_plugin::cni: CNI plugin built with cni-plugin crate version 0.2.1
07:13:15 [DEBUG] (1) cni_plugin::cni: read env var CNI_PATH = "/opt/cni/bin"
07:13:15 [DEBUG] (1) cni_plugin::cni: reading stdin til EOF...
07:13:15 [DEBUG] (1) cni_plugin::cni: read payload bytes=376
07:13:15 [DEBUG] (1) cni_plugin::cni: read env var CNI_COMMAND = "DEL"
07:13:15 [DEBUG] (1) cni_plugin::cni: read env var CNI_CONTAINERID = "237987"
07:13:15 [DEBUG] (1) cni_plugin::cni: read env var CNI_IFNAME = "vethcni0"
07:13:15 [DEBUG] (1) cni_plugin::cni: read env var CNI_NETNS = "/proc/237987/ns/net"
07:13:15 [INFO] (1) libbridge: libbridge serving spec v1.0.0 for command=Del
07:13:15 [INFO] (1) libbridge: (CNI bridge plugin) version bridge config: BridgeNetConf { net_conf: NetworkConfig { cni_version: Version { major: 1, minor: 0, patch: 0, pre: [], build: [] }, name: "single-net", plugin: "libbridge", args: {}, ip_masq: false, ipam: Some(IpamConfig { plugin: "libipam", specific: {"resolvConf": Null, "dataDir": Null, "name": Null, "ranges": Array [Array [Object {"gateway": String("10.10.2.1"), "subnet": String("10.10.0.0/16")}]], "routes": Null} }), dns: None, runtime: None, prev_result: None, specific: {"is_gateway": Bool(true), "cni_version": String("1.0.0"), "hairpin_mode": Null, "mac_spoof_check": Null, "is_default_gateway": Null, "vlan_trunk": Null} }, br_name: Some("single0"), is_gw: None, is_default_gw: None, force_address: None, mtu: Some(1500), hairpin_mode: None, promisc_mode: None, vlan: None, vlan_trunk: None, preserve_default_vlan: Some(true), mac_spoof_chk: None, enable_dad: None, disable_container_interface: None, port_isolation: None, args: None, mac: None, vlans: Some([]) }
07:13:15 [ERROR] error: Received a netlink error message No such device (os error 19)
07:13:15 [DEBUG] (1) cni_plugin::reply: replying with ErrorReply {
    cni_version: Version {
        major: 1,
        minor: 0,
        patch: 0,
        pre: [],
        build: [],
    },
    code: 122,
    msg: "Unknown error",
    details: "Received a netlink error message No such device (os error 19)",
}
07:58:19 [DEBUG] (1) libbridge: libbridge (CNI bridge plugin) version 0.1.0
07:58:19 [DEBUG] (1) cni_plugin::cni: CNI plugin built with cni-plugin crate version 0.2.1
07:58:19 [DEBUG] (1) cni_plugin::cni: read env var CNI_PATH = "/opt/cni/bin"
07:58:19 [DEBUG] (1) cni_plugin::cni: reading stdin til EOF...
07:58:19 [DEBUG] (1) cni_plugin::cni: read payload bytes=0
07:58:19 [ERROR] missing input network config
07:58:19 [DEBUG] (1) cni_plugin::reply: replying with ErrorReply {
    cni_version: Version {
        major: 1,
        minor: 0,
        patch: 0,
        pre: [],
        build: [],
    },
    code: 7,
    msg: "Missing payload",
    details: "missing input network config",
}
07:58:19 [DEBUG] (1) libbridge: libbridge (CNI bridge plugin) version 0.1.0
07:58:19 [DEBUG] (1) cni_plugin::cni: CNI plugin built with cni-plugin crate version 0.2.1
07:58:19 [DEBUG] (1) cni_plugin::cni: read env var CNI_PATH = "/opt/cni/bin"
07:58:19 [DEBUG] (1) cni_plugin::cni: reading stdin til EOF...
07:58:19 [DEBUG] (1) cni_plugin::cni: read payload bytes=376
07:58:19 [DEBUG] (1) cni_plugin::cni: read env var CNI_COMMAND = "ADD"
07:58:19 [DEBUG] (1) cni_plugin::cni: read env var CNI_CONTAINERID = "79247"
07:58:19 [DEBUG] (1) cni_plugin::cni: read env var CNI_IFNAME = "vethcni0"
07:58:19 [DEBUG] (1) cni_plugin::cni: read env var CNI_NETNS = "/proc/79247/ns/net"
07:58:19 [INFO] (1) libbridge: libbridge serving spec v1.0.0 for command=Add
07:58:19 [INFO] (1) libbridge: (CNI bridge plugin) version bridge config: BridgeNetConf { net_conf: NetworkConfig { cni_version: Version { major: 1, minor: 0, patch: 0, pre: [], build: [] }, name: "single-net", plugin: "libbridge", args: {}, ip_masq: false, ipam: Some(IpamConfig { plugin: "libipam", specific: {"routes": Null, "name": Null, "ranges": Array [Array [Object {"gateway": String("10.10.2.1"), "subnet": String("10.10.0.0/16")}]], "resolvConf": Null, "dataDir": Null} }), dns: None, runtime: None, prev_result: None, specific: {"hairpin_mode": Null, "is_gateway": Bool(true), "mac_spoof_check": Null, "vlan_trunk": Null, "cni_version": String("1.0.0"), "is_default_gateway": Null} }, br_name: Some("single0"), is_gw: None, is_default_gw: None, force_address: None, mtu: Some(1500), hairpin_mode: None, promisc_mode: None, vlan: None, vlan_trunk: None, preserve_default_vlan: Some(true), mac_spoof_chk: None, enable_dad: None, disable_container_interface: None, port_isolation: None, args: None, mac: None, vlans: Some([]) }
07:58:19 [WARN] Specified IFLA_INET6_CONF NLA attribute holds more(most likely new kernel) data which is unknown to netlink-packet-route crate, expecting 236, got 240
07:58:19 [WARN] Specified IFLA_INET6_ICMP6STATS NLA attribute holds more(most likely new kernel) data which is unknown to netlink-packet-route crate, expecting 48, got 56
07:58:19 [WARN] Specified IFLA_INET6_CONF NLA attribute holds more(most likely new kernel) data which is unknown to netlink-packet-route crate, expecting 236, got 240
07:58:19 [WARN] Specified IFLA_INET6_ICMP6STATS NLA attribute holds more(most likely new kernel) data which is unknown to netlink-packet-route crate, expecting 48, got 56
07:58:19 [WARN] Specified IFLA_INET6_CONF NLA attribute holds more(most likely new kernel) data which is unknown to netlink-packet-route crate, expecting 236, got 240
07:58:19 [WARN] Specified IFLA_INET6_ICMP6STATS NLA attribute holds more(most likely new kernel) data which is unknown to netlink-packet-route crate, expecting 48, got 56
07:58:19 [INFO] (1) libbridge: netns: "NS(4:4026532960)"
07:58:19 [INFO] (1) libbridge: host_ns: "NS(4:4026532555)"
07:58:19 [INFO] (1) libcni::ip::veth: Creating veth pair: container_veth_name=vethcni0, host_veth_name=vethd4b9cc06
07:58:19 [WARN] Specified IFLA_INET6_CONF NLA attribute holds more(most likely new kernel) data which is unknown to netlink-packet-route crate, expecting 236, got 240
07:58:19 [WARN] Specified IFLA_INET6_ICMP6STATS NLA attribute holds more(most likely new kernel) data which is unknown to netlink-packet-route crate, expecting 48, got 56
07:58:19 [INFO] (1) libbridge: veth: Veth { interface: Interface { name: "vethcni0", mac: None, ns: Netns { f: File { fd: 18, path: "net:[4026532960]", read: true, write: false }, path: Some("/proc/79247/ns/net") } }, peer_inf: Interface { name: "vethd4b9cc06", mac: None, ns: Netns { f: File { fd: 19, path: "net:[4026532555]", read: true, write: false }, path: Some("/proc/79250/task/79250/ns/net") } } }
07:58:19 [WARN] Specified IFLA_INET6_CONF NLA attribute holds more(most likely new kernel) data which is unknown to netlink-packet-route crate, expecting 236, got 240
07:58:19 [WARN] Specified IFLA_INET6_ICMP6STATS NLA attribute holds more(most likely new kernel) data which is unknown to netlink-packet-route crate, expecting 48, got 56
07:58:19 [WARN] Specified IFLA_INET6_CONF NLA attribute holds more(most likely new kernel) data which is unknown to netlink-packet-route crate, expecting 236, got 240
07:58:19 [WARN] Specified IFLA_INET6_ICMP6STATS NLA attribute holds more(most likely new kernel) data which is unknown to netlink-packet-route crate, expecting 48, got 56
07:58:19 [DEBUG] (1) libbridge:  veth :Veth { interface: Interface { name: "vethcni0", mac: None, ns: Netns { f: File { fd: 18, path: "net:[4026532960]", read: true, write: false }, path: Some("/proc/79247/ns/net") } }, peer_inf: Interface { name: "vethd4b9cc06", mac: Some(MacAddr(MacAddr6([246, 22, 229, 23, 218, 239]))), ns: Netns { f: File { fd: 19, path: "net:[4026532555]", read: true, write: false }, path: Some("/proc/79250/task/79250/ns/net") } } }
07:58:19 [INFO] (1) cni_plugin::delegation: delegating to plugin at /opt/cni/bin/libipam for command=ADD
07:58:19 [DEBUG] (1) cni_plugin::delegation: spawing child process, async=smol
07:58:19 [DEBUG] (1) cni_plugin::delegation: taking child stdin
07:58:19 [DEBUG] (1) cni_plugin::delegation: copying bytes=349 to stdin
07:58:19 [DEBUG] (1) cni_plugin::delegation: closing stdin
07:58:19 [DEBUG] (1) cni_plugin::delegation: dropping stdin handle
07:58:19 [DEBUG] (1) cni_plugin::delegation: awaiting child
07:58:19 [INFO] (1) cni_plugin::delegation: delegate plugin at /opt/cni/bin/libipam for command=ADD has returned with exit status: 0; stdout bytes=100
07:58:19 [DEBUG] (1) libbridge: ipam_result:IpamSuccessReply { cni_version: Version { major: 1, minor: 0, patch: 0, pre: [], build: [] }, ips: [Ip { address: V4(Ipv4Network { addr: 10.10.0.5, prefix: 16 }), gateway: Some(10.10.2.1), interface: None }], routes: [], dns: Dns { nameservers: [], domain: None, search: [], options: [] }, specific: {} }
07:58:19 [DEBUG] (1) libbridge: bridge_result:SuccessReply { cni_version: Version { major: 1, minor: 0, patch: 0, pre: [], build: [] }, interfaces: [Interface { name: "single0", mac: Some(MacAddr(MacAddr6([126, 236, 87, 87, 236, 48]))), sandbox: "" }, Interface { name: "vethd4b9cc06", mac: Some(MacAddr(MacAddr6([246, 22, 229, 23, 218, 239]))), sandbox: "/proc/79250/task/79250/ns/net" }, Interface { name: "vethcni0", mac: None, sandbox: "/proc/79247/ns/net" }], ips: [Ip { address: V4(Ipv4Network { addr: 10.10.0.5, prefix: 16 }), gateway: Some(10.10.2.1), interface: None }], routes: [], dns: Dns { nameservers: [], domain: None, search: [], options: [] }, specific: {} }
07:58:19 [INFO] (1) libbridge: gateway_infos: []
07:58:19 [INFO] (1) libbridge: bridge_result: SuccessReply { cni_version: Version { major: 1, minor: 0, patch: 0, pre: [], build: [] }, interfaces: [Interface { name: "single0", mac: Some(MacAddr(MacAddr6([126, 236, 87, 87, 236, 48]))), sandbox: "" }, Interface { name: "vethd4b9cc06", mac: Some(MacAddr(MacAddr6([246, 22, 229, 23, 218, 239]))), sandbox: "/proc/79250/task/79250/ns/net" }, Interface { name: "vethcni0", mac: None, sandbox: "/proc/79247/ns/net" }], ips: [Ip { address: V4(Ipv4Network { addr: 10.10.0.5, prefix: 16 }), gateway: Some(10.10.2.1), interface: Some(2) }], routes: [], dns: Dns { nameservers: [], domain: None, search: [], options: [] }, specific: {} }
07:58:19 [WARN] Specified IFLA_INET6_CONF NLA attribute holds more(most likely new kernel) data which is unknown to netlink-packet-route crate, expecting 236, got 240
07:58:19 [WARN] Specified IFLA_INET6_ICMP6STATS NLA attribute holds more(most likely new kernel) data which is unknown to netlink-packet-route crate, expecting 48, got 56
07:58:19 [DEBUG] (1) libcni::ip::ipam: ips:[Ip { address: V4(Ipv4Network { addr: 10.10.0.5, prefix: 16 }), gateway: Some(10.10.2.1), interface: Some(2) }]
07:58:19 [DEBUG] (1) libcni::ip::ipam: add ip:[Ip { address: V4(Ipv4Network { addr: 10.10.0.5, prefix: 16 }), gateway: Some(10.10.2.1), interface: Some(2) }] to:"vethcni0"
07:58:19 [DEBUG] (1) libcni::ip::addr: container ip add :10.10.0.5
07:58:19 [DEBUG] (1) libcni::ip::addr: container ip add success
07:58:19 [WARN] Specified IFLA_INET6_CONF NLA attribute holds more(most likely new kernel) data which is unknown to netlink-packet-route crate, expecting 236, got 240
07:58:19 [WARN] Specified IFLA_INET6_ICMP6STATS NLA attribute holds more(most likely new kernel) data which is unknown to netlink-packet-route crate, expecting 48, got 56
07:58:19 [WARN] Specified IFLA_INET6_CONF NLA attribute holds more(most likely new kernel) data which is unknown to netlink-packet-route crate, expecting 236, got 240
07:58:19 [WARN] Specified IFLA_INET6_ICMP6STATS NLA attribute holds more(most likely new kernel) data which is unknown to netlink-packet-route crate, expecting 48, got 56
07:58:19 [WARN] Specified IFLA_INET6_CONF NLA attribute holds more(most likely new kernel) data which is unknown to netlink-packet-route crate, expecting 236, got 240
07:58:19 [WARN] Specified IFLA_INET6_ICMP6STATS NLA attribute holds more(most likely new kernel) data which is unknown to netlink-packet-route crate, expecting 48, got 56
07:58:19 [WARN] Specified IFLA_INET6_CONF NLA attribute holds more(most likely new kernel) data which is unknown to netlink-packet-route crate, expecting 236, got 240
07:58:19 [WARN] Specified IFLA_INET6_ICMP6STATS NLA attribute holds more(most likely new kernel) data which is unknown to netlink-packet-route crate, expecting 48, got 56
07:58:19 [WARN] Specified IFLA_INET6_CONF NLA attribute holds more(most likely new kernel) data which is unknown to netlink-packet-route crate, expecting 236, got 240
07:58:19 [WARN] Specified IFLA_INET6_ICMP6STATS NLA attribute holds more(most likely new kernel) data which is unknown to netlink-packet-route crate, expecting 48, got 56
07:58:19 [WARN] Specified IFLA_INET6_CONF NLA attribute holds more(most likely new kernel) data which is unknown to netlink-packet-route crate, expecting 236, got 240
07:58:19 [WARN] Specified IFLA_INET6_ICMP6STATS NLA attribute holds more(most likely new kernel) data which is unknown to netlink-packet-route crate, expecting 48, got 56
07:58:19 [INFO] (1) libnetwork::ip: all_ifaces: [Interface { index: 1, mtu: Some(65536), name: "lo", hardware_addr: Some(V6(MacAddr6([0, 0, 0, 0, 0, 0]))), flags: Flags(UP | POINT_TO_POINT) }, Interface { index: 2, mtu: Some(1480), name: "tunl0", hardware_addr: None, flags: Flags(0x0) }, Interface { index: 3, mtu: Some(1480), name: "sit0", hardware_addr: None, flags: Flags(0x0) }, Interface { index: 4, mtu: Some(1452), name: "ip6tnl0", hardware_addr: None, flags: Flags(0x0) }, Interface { index: 5, mtu: Some(1500), name: "eth0", hardware_addr: Some(V6(MacAddr6([178, 210, 81, 3, 27, 185]))), flags: Flags(UP | BROADCAST) }, Interface { index: 6, mtu: Some(1500), name: "single0", hardware_addr: Some(V6(MacAddr6([226, 202, 157, 84, 169, 60]))), flags: Flags(UP | BROADCAST) }, Interface { index: 7, mtu: Some(1500), name: "vethd4b9cc06", hardware_addr: Some(V6(MacAddr6([70, 178, 52, 85, 228, 83]))), flags: Flags(UP | BROADCAST) }]
07:58:19 [WARN] Specified IFLA_INET6_CONF NLA attribute holds more(most likely new kernel) data which is unknown to netlink-packet-route crate, expecting 236, got 240
07:58:19 [WARN] Specified IFLA_INET6_ICMP6STATS NLA attribute holds more(most likely new kernel) data which is unknown to netlink-packet-route crate, expecting 48, got 56
07:58:19 [WARN] Specified IFLA_INET6_CONF NLA attribute holds more(most likely new kernel) data which is unknown to netlink-packet-route crate, expecting 236, got 240
07:58:19 [WARN] Specified IFLA_INET6_ICMP6STATS NLA attribute holds more(most likely new kernel) data which is unknown to netlink-packet-route crate, expecting 48, got 56
07:58:19 [WARN] Specified IFLA_INET6_CONF NLA attribute holds more(most likely new kernel) data which is unknown to netlink-packet-route crate, expecting 236, got 240
07:58:19 [WARN] Specified IFLA_INET6_ICMP6STATS NLA attribute holds more(most likely new kernel) data which is unknown to netlink-packet-route crate, expecting 48, got 56
07:58:19 [WARN] Specified IFLA_INET6_CONF NLA attribute holds more(most likely new kernel) data which is unknown to netlink-packet-route crate, expecting 236, got 240
07:58:19 [WARN] Specified IFLA_INET6_ICMP6STATS NLA attribute holds more(most likely new kernel) data which is unknown to netlink-packet-route crate, expecting 48, got 56
07:58:19 [WARN] Specified IFLA_INET6_CONF NLA attribute holds more(most likely new kernel) data which is unknown to netlink-packet-route crate, expecting 236, got 240
07:58:19 [WARN] Specified IFLA_INET6_ICMP6STATS NLA attribute holds more(most likely new kernel) data which is unknown to netlink-packet-route crate, expecting 48, got 56
07:58:19 [WARN] Specified IFLA_INET6_CONF NLA attribute holds more(most likely new kernel) data which is unknown to netlink-packet-route crate, expecting 236, got 240
07:58:19 [WARN] Specified IFLA_INET6_ICMP6STATS NLA attribute holds more(most likely new kernel) data which is unknown to netlink-packet-route crate, expecting 48, got 56
07:58:19 [DEBUG] (1) libbridge: success! SuccessReply {
    cni_version: Version {
        major: 1,
        minor: 0,
        patch: 0,
        pre: [],
        build: [],
    },
    interfaces: [
        Interface {
            name: "single0",
            mac: Some(
                MacAddr(
                    MacAddr6(
                        [
                            126,
                            236,
                            87,
                            87,
                            236,
                            48,
                        ],
                    ),
                ),
            ),
            sandbox: "",
        },
        Interface {
            name: "vethd4b9cc06",
            mac: Some(
                MacAddr(
                    MacAddr6(
                        [
                            246,
                            22,
                            229,
                            23,
                            218,
                            239,
                        ],
                    ),
                ),
            ),
            sandbox: "/proc/79250/task/79250/ns/net",
        },
        Interface {
            name: "vethcni0",
            mac: None,
            sandbox: "/proc/79247/ns/net",
        },
    ],
    ips: [
        Ip {
            address: V4(
                Ipv4Network {
                    addr: 10.10.0.5,
                    prefix: 16,
                },
            ),
            gateway: Some(
                10.10.2.1,
            ),
            interface: Some(
                2,
            ),
        },
    ],
    routes: [],
    dns: Dns {
        nameservers: [],
        domain: None,
        search: [],
        options: [],
    },
    specific: {},
}
07:58:19 [DEBUG] (1) cni_plugin::reply: replying with SuccessReply {
    cni_version: Version {
        major: 1,
        minor: 0,
        patch: 0,
        pre: [],
        build: [],
    },
    interfaces: [
        Interface {
            name: "single0",
            mac: Some(
                MacAddr(
                    MacAddr6(
                        [
                            126,
                            236,
                            87,
                            87,
                            236,
                            48,
                        ],
                    ),
                ),
            ),
            sandbox: "",
        },
        Interface {
            name: "vethd4b9cc06",
            mac: Some(
                MacAddr(
                    MacAddr6(
                        [
                            246,
                            22,
                            229,
                            23,
                            218,
                            239,
                        ],
                    ),
                ),
            ),
            sandbox: "/proc/79250/task/79250/ns/net",
        },
        Interface {
            name: "vethcni0",
            mac: None,
            sandbox: "/proc/79247/ns/net",
        },
    ],
    ips: [
        Ip {
            address: V4(
                Ipv4Network {
                    addr: 10.10.0.5,
                    prefix: 16,
                },
            ),
            gateway: Some(
                10.10.2.1,
            ),
            interface: Some(
                2,
            ),
        },
    ],
    routes: [],
    dns: Dns {
        nameservers: [],
        domain: None,
        search: [],
        options: [],
    },
    specific: {},
}
07:58:40 [DEBUG] (1) libbridge: libbridge (CNI bridge plugin) version 0.1.0
07:58:40 [DEBUG] (1) cni_plugin::cni: CNI plugin built with cni-plugin crate version 0.2.1
07:58:40 [DEBUG] (1) cni_plugin::cni: read env var CNI_PATH = "/opt/cni/bin"
07:58:40 [DEBUG] (1) cni_plugin::cni: reading stdin til EOF...
07:58:40 [DEBUG] (1) cni_plugin::cni: read payload bytes=376
07:58:40 [DEBUG] (1) cni_plugin::cni: read env var CNI_COMMAND = "DEL"
07:58:40 [DEBUG] (1) cni_plugin::cni: read env var CNI_CONTAINERID = "79247"
07:58:40 [DEBUG] (1) cni_plugin::cni: read env var CNI_IFNAME = "vethcni0"
07:58:40 [DEBUG] (1) cni_plugin::cni: read env var CNI_NETNS = "/proc/79247/ns/net"
07:58:40 [INFO] (1) libbridge: libbridge serving spec v1.0.0 for command=Del
07:58:40 [INFO] (1) libbridge: (CNI bridge plugin) version bridge config: BridgeNetConf { net_conf: NetworkConfig { cni_version: Version { major: 1, minor: 0, patch: 0, pre: [], build: [] }, name: "single-net", plugin: "libbridge", args: {}, ip_masq: false, ipam: Some(IpamConfig { plugin: "libipam", specific: {"dataDir": Null, "routes": Null, "ranges": Array [Array [Object {"gateway": String("10.10.2.1"), "subnet": String("10.10.0.0/16")}]], "resolvConf": Null, "name": Null} }), dns: None, runtime: None, prev_result: None, specific: {"cni_version": String("1.0.0"), "is_default_gateway": Null, "is_gateway": Bool(true), "hairpin_mode": Null, "mac_spoof_check": Null, "vlan_trunk": Null} }, br_name: Some("single0"), is_gw: None, is_default_gw: None, force_address: None, mtu: Some(1500), hairpin_mode: None, promisc_mode: None, vlan: None, vlan_trunk: None, preserve_default_vlan: Some(true), mac_spoof_chk: None, enable_dad: None, disable_container_interface: None, port_isolation: None, args: None, mac: None, vlans: Some([]) }
07:58:40 [WARN] Specified IFLA_INET6_CONF NLA attribute holds more(most likely new kernel) data which is unknown to netlink-packet-route crate, expecting 236, got 240
07:58:40 [WARN] Specified IFLA_INET6_ICMP6STATS NLA attribute holds more(most likely new kernel) data which is unknown to netlink-packet-route crate, expecting 48, got 56
07:58:40 [INFO] (1) cni_plugin::delegation: delegating to plugin at /opt/cni/bin/libipam for command=DEL
07:58:40 [DEBUG] (1) cni_plugin::delegation: spawing child process, async=smol
07:58:40 [DEBUG] (1) cni_plugin::delegation: taking child stdin
07:58:40 [DEBUG] (1) cni_plugin::delegation: copying bytes=349 to stdin
07:58:40 [DEBUG] (1) cni_plugin::delegation: closing stdin
07:58:40 [DEBUG] (1) cni_plugin::delegation: dropping stdin handle
07:58:40 [DEBUG] (1) cni_plugin::delegation: awaiting child
07:58:40 [INFO] (1) cni_plugin::delegation: delegate plugin at /opt/cni/bin/libipam for command=DEL has returned with exit status: 0; stdout bytes=52
07:58:40 [DEBUG] (1) libbridge: success! SuccessReply {
    cni_version: Version {
        major: 1,
        minor: 0,
        patch: 0,
        pre: [],
        build: [],
    },
    interfaces: [],
    ips: [],
    routes: [],
    dns: Dns {
        nameservers: [],
        domain: None,
        search: [],
        options: [],
    },
    specific: {},
}
07:58:40 [DEBUG] (1) cni_plugin::reply: replying with SuccessReply {
    cni_version: Version {
        major: 1,
        minor: 0,
        patch: 0,
        pre: [],
        build: [],
    },
    interfaces: [],
    ips: [],
    routes: [],
    dns: Dns {
        nameservers: [],
        domain: None,
        search: [],
        options: [],
    },
    specific: {},
}
07:58:44 [DEBUG] (1) libbridge: libbridge (CNI bridge plugin) version 0.1.0
07:58:44 [DEBUG] (1) cni_plugin::cni: CNI plugin built with cni-plugin crate version 0.2.1
07:58:44 [DEBUG] (1) cni_plugin::cni: read env var CNI_PATH = "/opt/cni/bin"
07:58:44 [DEBUG] (1) cni_plugin::cni: reading stdin til EOF...
07:58:44 [DEBUG] (1) cni_plugin::cni: read payload bytes=376
07:58:44 [DEBUG] (1) cni_plugin::cni: read env var CNI_COMMAND = "DEL"
07:58:44 [DEBUG] (1) cni_plugin::cni: read env var CNI_CONTAINERID = "79280"
07:58:44 [DEBUG] (1) cni_plugin::cni: read env var CNI_IFNAME = "vethcni0"
07:58:44 [DEBUG] (1) cni_plugin::cni: read env var CNI_NETNS = "/proc/79280/ns/net"
07:58:44 [INFO] (1) libbridge: libbridge serving spec v1.0.0 for command=Del
07:58:44 [INFO] (1) libbridge: (CNI bridge plugin) version bridge config: BridgeNetConf { net_conf: NetworkConfig { cni_version: Version { major: 1, minor: 0, patch: 0, pre: [], build: [] }, name: "single-net", plugin: "libbridge", args: {}, ip_masq: false, ipam: Some(IpamConfig { plugin: "libipam", specific: {"routes": Null, "ranges": Array [Array [Object {"gateway": String("10.10.2.1"), "subnet": String("10.10.0.0/16")}]], "resolvConf": Null, "dataDir": Null, "name": Null} }), dns: None, runtime: None, prev_result: None, specific: {"is_gateway": Bool(true), "hairpin_mode": Null, "mac_spoof_check": Null, "cni_version": String("1.0.0"), "vlan_trunk": Null, "is_default_gateway": Null} }, br_name: Some("single0"), is_gw: None, is_default_gw: None, force_address: None, mtu: Some(1500), hairpin_mode: None, promisc_mode: None, vlan: None, vlan_trunk: None, preserve_default_vlan: Some(true), mac_spoof_chk: None, enable_dad: None, disable_container_interface: None, port_isolation: None, args: None, mac: None, vlans: Some([]) }
07:58:44 [ERROR] error: NetnsError: netns not found at path "/proc/79280/ns/net"
07:58:44 [DEBUG] (1) cni_plugin::reply: replying with ErrorReply {
    cni_version: Version {
        major: 1,
        minor: 0,
        patch: 0,
        pre: [],
        build: [],
    },
    code: 118,
    msg: "NetnsError",
    details: "netns not found at path \"/proc/79280/ns/net\"",
}
07:59:28 [DEBUG] (1) libbridge: libbridge (CNI bridge plugin) version 0.1.0
07:59:28 [DEBUG] (1) cni_plugin::cni: CNI plugin built with cni-plugin crate version 0.2.1
07:59:28 [DEBUG] (1) cni_plugin::cni: read env var CNI_PATH = "/opt/cni/bin"
07:59:28 [DEBUG] (1) cni_plugin::cni: reading stdin til EOF...
07:59:28 [DEBUG] (1) cni_plugin::cni: read payload bytes=0
07:59:28 [ERROR] missing input network config
07:59:28 [DEBUG] (1) cni_plugin::reply: replying with ErrorReply {
    cni_version: Version {
        major: 1,
        minor: 0,
        patch: 0,
        pre: [],
        build: [],
    },
    code: 7,
    msg: "Missing payload",
    details: "missing input network config",
}
07:59:28 [DEBUG] (1) libbridge: libbridge (CNI bridge plugin) version 0.1.0
07:59:28 [DEBUG] (1) cni_plugin::cni: CNI plugin built with cni-plugin crate version 0.2.1
07:59:28 [DEBUG] (1) cni_plugin::cni: read env var CNI_PATH = "/opt/cni/bin"
07:59:28 [DEBUG] (1) cni_plugin::cni: reading stdin til EOF...
07:59:28 [DEBUG] (1) cni_plugin::cni: read payload bytes=376
07:59:28 [DEBUG] (1) cni_plugin::cni: read env var CNI_COMMAND = "ADD"
07:59:28 [DEBUG] (1) cni_plugin::cni: read env var CNI_CONTAINERID = "120944"
07:59:28 [DEBUG] (1) cni_plugin::cni: read env var CNI_IFNAME = "vethcni0"
07:59:28 [DEBUG] (1) cni_plugin::cni: read env var CNI_NETNS = "/proc/120944/ns/net"
07:59:28 [INFO] (1) libbridge: libbridge serving spec v1.0.0 for command=Add
07:59:28 [INFO] (1) libbridge: (CNI bridge plugin) version bridge config: BridgeNetConf { net_conf: NetworkConfig { cni_version: Version { major: 1, minor: 0, patch: 0, pre: [], build: [] }, name: "single-net", plugin: "libbridge", args: {}, ip_masq: false, ipam: Some(IpamConfig { plugin: "libipam", specific: {"dataDir": Null, "name": Null, "resolvConf": Null, "ranges": Array [Array [Object {"gateway": String("10.10.2.1"), "subnet": String("10.10.0.0/16")}]], "routes": Null} }), dns: None, runtime: None, prev_result: None, specific: {"hairpin_mode": Null, "cni_version": String("1.0.0"), "is_default_gateway": Null, "vlan_trunk": Null, "mac_spoof_check": Null, "is_gateway": Bool(true)} }, br_name: Some("single0"), is_gw: None, is_default_gw: None, force_address: None, mtu: Some(1500), hairpin_mode: None, promisc_mode: None, vlan: None, vlan_trunk: None, preserve_default_vlan: Some(true), mac_spoof_chk: None, enable_dad: None, disable_container_interface: None, port_isolation: None, args: None, mac: None, vlans: Some([]) }
07:59:28 [WARN] Specified IFLA_INET6_CONF NLA attribute holds more(most likely new kernel) data which is unknown to netlink-packet-route crate, expecting 236, got 240
07:59:28 [WARN] Specified IFLA_INET6_ICMP6STATS NLA attribute holds more(most likely new kernel) data which is unknown to netlink-packet-route crate, expecting 48, got 56
07:59:28 [WARN] Specified IFLA_INET6_CONF NLA attribute holds more(most likely new kernel) data which is unknown to netlink-packet-route crate, expecting 236, got 240
07:59:28 [WARN] Specified IFLA_INET6_ICMP6STATS NLA attribute holds more(most likely new kernel) data which is unknown to netlink-packet-route crate, expecting 48, got 56
07:59:28 [WARN] Specified IFLA_INET6_CONF NLA attribute holds more(most likely new kernel) data which is unknown to netlink-packet-route crate, expecting 236, got 240
07:59:28 [WARN] Specified IFLA_INET6_ICMP6STATS NLA attribute holds more(most likely new kernel) data which is unknown to netlink-packet-route crate, expecting 48, got 56
07:59:28 [INFO] (1) libbridge: netns: "NS(4:4026532960)"
07:59:28 [INFO] (1) libbridge: host_ns: "NS(4:4026532555)"
07:59:28 [INFO] (1) libcni::ip::veth: Creating veth pair: container_veth_name=vethcni0, host_veth_name=vetha18b9f76
07:59:28 [WARN] Specified IFLA_INET6_CONF NLA attribute holds more(most likely new kernel) data which is unknown to netlink-packet-route crate, expecting 236, got 240
07:59:28 [WARN] Specified IFLA_INET6_ICMP6STATS NLA attribute holds more(most likely new kernel) data which is unknown to netlink-packet-route crate, expecting 48, got 56
07:59:28 [INFO] (1) libbridge: veth: Veth { interface: Interface { name: "vethcni0", mac: None, ns: Netns { f: File { fd: 18, path: "net:[4026532960]", read: true, write: false }, path: Some("/proc/120944/ns/net") } }, peer_inf: Interface { name: "vetha18b9f76", mac: None, ns: Netns { f: File { fd: 19, path: "net:[4026532555]", read: true, write: false }, path: Some("/proc/120956/task/120956/ns/net") } } }
07:59:28 [WARN] Specified IFLA_INET6_CONF NLA attribute holds more(most likely new kernel) data which is unknown to netlink-packet-route crate, expecting 236, got 240
07:59:28 [WARN] Specified IFLA_INET6_ICMP6STATS NLA attribute holds more(most likely new kernel) data which is unknown to netlink-packet-route crate, expecting 48, got 56
07:59:28 [WARN] Specified IFLA_INET6_CONF NLA attribute holds more(most likely new kernel) data which is unknown to netlink-packet-route crate, expecting 236, got 240
07:59:28 [WARN] Specified IFLA_INET6_ICMP6STATS NLA attribute holds more(most likely new kernel) data which is unknown to netlink-packet-route crate, expecting 48, got 56
07:59:28 [DEBUG] (1) libbridge:  veth :Veth { interface: Interface { name: "vethcni0", mac: None, ns: Netns { f: File { fd: 18, path: "net:[4026532960]", read: true, write: false }, path: Some("/proc/120944/ns/net") } }, peer_inf: Interface { name: "vetha18b9f76", mac: Some(MacAddr(MacAddr6([234, 200, 19, 139, 48, 190]))), ns: Netns { f: File { fd: 19, path: "net:[4026532555]", read: true, write: false }, path: Some("/proc/120956/task/120956/ns/net") } } }
07:59:28 [INFO] (1) cni_plugin::delegation: delegating to plugin at /opt/cni/bin/libipam for command=ADD
07:59:28 [DEBUG] (1) cni_plugin::delegation: spawing child process, async=smol
07:59:28 [DEBUG] (1) cni_plugin::delegation: taking child stdin
07:59:28 [DEBUG] (1) cni_plugin::delegation: copying bytes=349 to stdin
07:59:28 [DEBUG] (1) cni_plugin::delegation: closing stdin
07:59:28 [DEBUG] (1) cni_plugin::delegation: dropping stdin handle
07:59:28 [DEBUG] (1) cni_plugin::delegation: awaiting child
07:59:28 [INFO] (1) cni_plugin::delegation: delegate plugin at /opt/cni/bin/libipam for command=ADD has returned with exit status: 0; stdout bytes=100
07:59:28 [DEBUG] (1) libbridge: ipam_result:IpamSuccessReply { cni_version: Version { major: 1, minor: 0, patch: 0, pre: [], build: [] }, ips: [Ip { address: V4(Ipv4Network { addr: 10.10.0.6, prefix: 16 }), gateway: Some(10.10.2.1), interface: None }], routes: [], dns: Dns { nameservers: [], domain: None, search: [], options: [] }, specific: {} }
07:59:28 [DEBUG] (1) libbridge: bridge_result:SuccessReply { cni_version: Version { major: 1, minor: 0, patch: 0, pre: [], build: [] }, interfaces: [Interface { name: "single0", mac: Some(MacAddr(MacAddr6([226, 202, 157, 84, 169, 60]))), sandbox: "" }, Interface { name: "vetha18b9f76", mac: Some(MacAddr(MacAddr6([234, 200, 19, 139, 48, 190]))), sandbox: "/proc/120956/task/120956/ns/net" }, Interface { name: "vethcni0", mac: None, sandbox: "/proc/120944/ns/net" }], ips: [Ip { address: V4(Ipv4Network { addr: 10.10.0.6, prefix: 16 }), gateway: Some(10.10.2.1), interface: None }], routes: [], dns: Dns { nameservers: [], domain: None, search: [], options: [] }, specific: {} }
07:59:28 [INFO] (1) libbridge: gateway_infos: []
07:59:28 [INFO] (1) libbridge: bridge_result: SuccessReply { cni_version: Version { major: 1, minor: 0, patch: 0, pre: [], build: [] }, interfaces: [Interface { name: "single0", mac: Some(MacAddr(MacAddr6([226, 202, 157, 84, 169, 60]))), sandbox: "" }, Interface { name: "vetha18b9f76", mac: Some(MacAddr(MacAddr6([234, 200, 19, 139, 48, 190]))), sandbox: "/proc/120956/task/120956/ns/net" }, Interface { name: "vethcni0", mac: None, sandbox: "/proc/120944/ns/net" }], ips: [Ip { address: V4(Ipv4Network { addr: 10.10.0.6, prefix: 16 }), gateway: Some(10.10.2.1), interface: Some(2) }], routes: [], dns: Dns { nameservers: [], domain: None, search: [], options: [] }, specific: {} }
07:59:28 [WARN] Specified IFLA_INET6_CONF NLA attribute holds more(most likely new kernel) data which is unknown to netlink-packet-route crate, expecting 236, got 240
07:59:28 [WARN] Specified IFLA_INET6_ICMP6STATS NLA attribute holds more(most likely new kernel) data which is unknown to netlink-packet-route crate, expecting 48, got 56
07:59:28 [DEBUG] (1) libcni::ip::ipam: ips:[Ip { address: V4(Ipv4Network { addr: 10.10.0.6, prefix: 16 }), gateway: Some(10.10.2.1), interface: Some(2) }]
07:59:28 [DEBUG] (1) libcni::ip::ipam: add ip:[Ip { address: V4(Ipv4Network { addr: 10.10.0.6, prefix: 16 }), gateway: Some(10.10.2.1), interface: Some(2) }] to:"vethcni0"
07:59:28 [DEBUG] (1) libcni::ip::addr: container ip add :10.10.0.6
07:59:28 [DEBUG] (1) libcni::ip::addr: container ip add success
07:59:28 [WARN] Specified IFLA_INET6_CONF NLA attribute holds more(most likely new kernel) data which is unknown to netlink-packet-route crate, expecting 236, got 240
07:59:28 [WARN] Specified IFLA_INET6_ICMP6STATS NLA attribute holds more(most likely new kernel) data which is unknown to netlink-packet-route crate, expecting 48, got 56
07:59:28 [WARN] Specified IFLA_INET6_CONF NLA attribute holds more(most likely new kernel) data which is unknown to netlink-packet-route crate, expecting 236, got 240
07:59:28 [WARN] Specified IFLA_INET6_ICMP6STATS NLA attribute holds more(most likely new kernel) data which is unknown to netlink-packet-route crate, expecting 48, got 56
07:59:28 [WARN] Specified IFLA_INET6_CONF NLA attribute holds more(most likely new kernel) data which is unknown to netlink-packet-route crate, expecting 236, got 240
07:59:28 [WARN] Specified IFLA_INET6_ICMP6STATS NLA attribute holds more(most likely new kernel) data which is unknown to netlink-packet-route crate, expecting 48, got 56
07:59:28 [WARN] Specified IFLA_INET6_CONF NLA attribute holds more(most likely new kernel) data which is unknown to netlink-packet-route crate, expecting 236, got 240
07:59:28 [WARN] Specified IFLA_INET6_ICMP6STATS NLA attribute holds more(most likely new kernel) data which is unknown to netlink-packet-route crate, expecting 48, got 56
07:59:28 [WARN] Specified IFLA_INET6_CONF NLA attribute holds more(most likely new kernel) data which is unknown to netlink-packet-route crate, expecting 236, got 240
07:59:28 [WARN] Specified IFLA_INET6_ICMP6STATS NLA attribute holds more(most likely new kernel) data which is unknown to netlink-packet-route crate, expecting 48, got 56
07:59:28 [WARN] Specified IFLA_INET6_CONF NLA attribute holds more(most likely new kernel) data which is unknown to netlink-packet-route crate, expecting 236, got 240
07:59:28 [WARN] Specified IFLA_INET6_ICMP6STATS NLA attribute holds more(most likely new kernel) data which is unknown to netlink-packet-route crate, expecting 48, got 56
07:59:28 [INFO] (1) libnetwork::ip: all_ifaces: [Interface { index: 1, mtu: Some(65536), name: "lo", hardware_addr: Some(V6(MacAddr6([0, 0, 0, 0, 0, 0]))), flags: Flags(UP | POINT_TO_POINT) }, Interface { index: 2, mtu: Some(1480), name: "tunl0", hardware_addr: None, flags: Flags(0x0) }, Interface { index: 3, mtu: Some(1480), name: "sit0", hardware_addr: None, flags: Flags(0x0) }, Interface { index: 4, mtu: Some(1452), name: "ip6tnl0", hardware_addr: None, flags: Flags(0x0) }, Interface { index: 5, mtu: Some(1500), name: "eth0", hardware_addr: Some(V6(MacAddr6([178, 210, 81, 3, 27, 185]))), flags: Flags(UP | BROADCAST) }, Interface { index: 6, mtu: Some(1500), name: "single0", hardware_addr: Some(V6(MacAddr6([226, 202, 157, 84, 169, 60]))), flags: Flags(UP | BROADCAST) }, Interface { index: 8, mtu: Some(1500), name: "vetha18b9f76", hardware_addr: Some(V6(MacAddr6([162, 167, 34, 101, 104, 74]))), flags: Flags(UP | BROADCAST) }]
07:59:28 [WARN] Specified IFLA_INET6_CONF NLA attribute holds more(most likely new kernel) data which is unknown to netlink-packet-route crate, expecting 236, got 240
07:59:28 [WARN] Specified IFLA_INET6_ICMP6STATS NLA attribute holds more(most likely new kernel) data which is unknown to netlink-packet-route crate, expecting 48, got 56
07:59:28 [WARN] Specified IFLA_INET6_CONF NLA attribute holds more(most likely new kernel) data which is unknown to netlink-packet-route crate, expecting 236, got 240
07:59:28 [WARN] Specified IFLA_INET6_ICMP6STATS NLA attribute holds more(most likely new kernel) data which is unknown to netlink-packet-route crate, expecting 48, got 56
07:59:28 [WARN] Specified IFLA_INET6_CONF NLA attribute holds more(most likely new kernel) data which is unknown to netlink-packet-route crate, expecting 236, got 240
07:59:28 [WARN] Specified IFLA_INET6_ICMP6STATS NLA attribute holds more(most likely new kernel) data which is unknown to netlink-packet-route crate, expecting 48, got 56
07:59:28 [WARN] Specified IFLA_INET6_CONF NLA attribute holds more(most likely new kernel) data which is unknown to netlink-packet-route crate, expecting 236, got 240
07:59:28 [WARN] Specified IFLA_INET6_ICMP6STATS NLA attribute holds more(most likely new kernel) data which is unknown to netlink-packet-route crate, expecting 48, got 56
07:59:28 [WARN] Specified IFLA_INET6_CONF NLA attribute holds more(most likely new kernel) data which is unknown to netlink-packet-route crate, expecting 236, got 240
07:59:28 [WARN] Specified IFLA_INET6_ICMP6STATS NLA attribute holds more(most likely new kernel) data which is unknown to netlink-packet-route crate, expecting 48, got 56
07:59:28 [WARN] Specified IFLA_INET6_CONF NLA attribute holds more(most likely new kernel) data which is unknown to netlink-packet-route crate, expecting 236, got 240
07:59:28 [WARN] Specified IFLA_INET6_ICMP6STATS NLA attribute holds more(most likely new kernel) data which is unknown to netlink-packet-route crate, expecting 48, got 56
07:59:28 [DEBUG] (1) libbridge: success! SuccessReply {
    cni_version: Version {
        major: 1,
        minor: 0,
        patch: 0,
        pre: [],
        build: [],
    },
    interfaces: [
        Interface {
            name: "single0",
            mac: Some(
                MacAddr(
                    MacAddr6(
                        [
                            226,
                            202,
                            157,
                            84,
                            169,
                            60,
                        ],
                    ),
                ),
            ),
            sandbox: "",
        },
        Interface {
            name: "vetha18b9f76",
            mac: Some(
                MacAddr(
                    MacAddr6(
                        [
                            234,
                            200,
                            19,
                            139,
                            48,
                            190,
                        ],
                    ),
                ),
            ),
            sandbox: "/proc/120956/task/120956/ns/net",
        },
        Interface {
            name: "vethcni0",
            mac: None,
            sandbox: "/proc/120944/ns/net",
        },
    ],
    ips: [
        Ip {
            address: V4(
                Ipv4Network {
                    addr: 10.10.0.6,
                    prefix: 16,
                },
            ),
            gateway: Some(
                10.10.2.1,
            ),
            interface: Some(
                2,
            ),
        },
    ],
    routes: [],
    dns: Dns {
        nameservers: [],
        domain: None,
        search: [],
        options: [],
    },
    specific: {},
}
07:59:28 [DEBUG] (1) cni_plugin::reply: replying with SuccessReply {
    cni_version: Version {
        major: 1,
        minor: 0,
        patch: 0,
        pre: [],
        build: [],
    },
    interfaces: [
        Interface {
            name: "single0",
            mac: Some(
                MacAddr(
                    MacAddr6(
                        [
                            226,
                            202,
                            157,
                            84,
                            169,
                            60,
                        ],
                    ),
                ),
            ),
            sandbox: "",
        },
        Interface {
            name: "vetha18b9f76",
            mac: Some(
                MacAddr(
                    MacAddr6(
                        [
                            234,
                            200,
                            19,
                            139,
                            48,
                            190,
                        ],
                    ),
                ),
            ),
            sandbox: "/proc/120956/task/120956/ns/net",
        },
        Interface {
            name: "vethcni0",
            mac: None,
            sandbox: "/proc/120944/ns/net",
        },
    ],
    ips: [
        Ip {
            address: V4(
                Ipv4Network {
                    addr: 10.10.0.6,
                    prefix: 16,
                },
            ),
            gateway: Some(
                10.10.2.1,
            ),
            interface: Some(
                2,
            ),
        },
    ],
    routes: [],
    dns: Dns {
        nameservers: [],
        domain: None,
        search: [],
        options: [],
    },
    specific: {},
}
08:12:05 [DEBUG] (1) libbridge: libbridge (CNI bridge plugin) version 0.1.0
08:12:05 [DEBUG] (1) cni_plugin::cni: CNI plugin built with cni-plugin crate version 0.2.1
08:12:05 [DEBUG] (1) cni_plugin::cni: read env var CNI_PATH = "/opt/cni/bin"
08:12:05 [DEBUG] (1) cni_plugin::cni: reading stdin til EOF...
08:12:05 [DEBUG] (1) cni_plugin::cni: read payload bytes=0
08:12:05 [ERROR] missing input network config
08:12:05 [DEBUG] (1) cni_plugin::reply: replying with ErrorReply {
    cni_version: Version {
        major: 1,
        minor: 0,
        patch: 0,
        pre: [],
        build: [],
    },
    code: 7,
    msg: "Missing payload",
    details: "missing input network config",
}
08:12:05 [DEBUG] (1) libbridge: libbridge (CNI bridge plugin) version 0.1.0
08:12:05 [DEBUG] (1) cni_plugin::cni: CNI plugin built with cni-plugin crate version 0.2.1
08:12:05 [DEBUG] (1) cni_plugin::cni: read env var CNI_PATH = "/opt/cni/bin"
08:12:05 [DEBUG] (1) cni_plugin::cni: reading stdin til EOF...
08:12:05 [DEBUG] (1) cni_plugin::cni: read payload bytes=376
08:12:05 [DEBUG] (1) cni_plugin::cni: read env var CNI_COMMAND = "ADD"
08:12:05 [DEBUG] (1) cni_plugin::cni: read env var CNI_CONTAINERID = "7039"
08:12:05 [DEBUG] (1) cni_plugin::cni: read env var CNI_IFNAME = "vethcni0"
08:12:05 [DEBUG] (1) cni_plugin::cni: read env var CNI_NETNS = "/proc/7039/ns/net"
08:12:05 [INFO] (1) libbridge: libbridge serving spec v1.0.0 for command=Add
08:12:05 [INFO] (1) libbridge: (CNI bridge plugin) version bridge config: BridgeNetConf { net_conf: NetworkConfig { cni_version: Version { major: 1, minor: 0, patch: 0, pre: [], build: [] }, name: "single-net", plugin: "libbridge", args: {}, ip_masq: false, ipam: Some(IpamConfig { plugin: "libipam", specific: {"name": Null, "resolvConf": Null, "routes": Null, "dataDir": Null, "ranges": Array [Array [Object {"gateway": String("10.10.2.1"), "subnet": String("10.10.0.0/16")}]]} }), dns: None, runtime: None, prev_result: None, specific: {"cni_version": String("1.0.0"), "vlan_trunk": Null, "mac_spoof_check": Null, "hairpin_mode": Null, "is_default_gateway": Null, "is_gateway": Bool(true)} }, br_name: Some("single0"), is_gw: None, is_default_gw: None, force_address: None, mtu: Some(1500), hairpin_mode: None, promisc_mode: None, vlan: None, vlan_trunk: None, preserve_default_vlan: Some(true), mac_spoof_chk: None, enable_dad: None, disable_container_interface: None, port_isolation: None, args: None, mac: None, vlans: Some([]) }
08:12:05 [WARN] Specified IFLA_INET6_CONF NLA attribute holds more(most likely new kernel) data which is unknown to netlink-packet-route crate, expecting 236, got 240
08:12:05 [WARN] Specified IFLA_INET6_ICMP6STATS NLA attribute holds more(most likely new kernel) data which is unknown to netlink-packet-route crate, expecting 48, got 56
08:12:05 [WARN] Specified IFLA_INET6_CONF NLA attribute holds more(most likely new kernel) data which is unknown to netlink-packet-route crate, expecting 236, got 240
08:12:05 [WARN] Specified IFLA_INET6_ICMP6STATS NLA attribute holds more(most likely new kernel) data which is unknown to netlink-packet-route crate, expecting 48, got 56
08:12:05 [WARN] Specified IFLA_INET6_CONF NLA attribute holds more(most likely new kernel) data which is unknown to netlink-packet-route crate, expecting 236, got 240
08:12:05 [WARN] Specified IFLA_INET6_ICMP6STATS NLA attribute holds more(most likely new kernel) data which is unknown to netlink-packet-route crate, expecting 48, got 56
08:12:05 [INFO] (1) libbridge: netns: "NS(4:4026532558)"
08:12:05 [INFO] (1) libbridge: host_ns: "NS(4:4026532683)"
08:12:05 [INFO] (1) libcni::ip::veth: Creating veth pair: container_veth_name=vethcni0, host_veth_name=veth80d8c1d8
08:12:05 [WARN] Specified IFLA_INET6_CONF NLA attribute holds more(most likely new kernel) data which is unknown to netlink-packet-route crate, expecting 236, got 240
08:12:05 [WARN] Specified IFLA_INET6_ICMP6STATS NLA attribute holds more(most likely new kernel) data which is unknown to netlink-packet-route crate, expecting 48, got 56
08:12:05 [INFO] (1) libbridge: veth: Veth { interface: Interface { name: "vethcni0", mac: None, ns: Netns { f: File { fd: 18, path: "net:[4026532558]", read: true, write: false }, path: Some("/proc/7039/ns/net") } }, peer_inf: Interface { name: "veth80d8c1d8", mac: None, ns: Netns { f: File { fd: 19, path: "net:[4026532683]", read: true, write: false }, path: Some("/proc/7071/task/7071/ns/net") } } }
08:12:05 [WARN] Specified IFLA_INET6_CONF NLA attribute holds more(most likely new kernel) data which is unknown to netlink-packet-route crate, expecting 236, got 240
08:12:05 [WARN] Specified IFLA_INET6_ICMP6STATS NLA attribute holds more(most likely new kernel) data which is unknown to netlink-packet-route crate, expecting 48, got 56
08:12:05 [WARN] Specified IFLA_INET6_CONF NLA attribute holds more(most likely new kernel) data which is unknown to netlink-packet-route crate, expecting 236, got 240
08:12:05 [WARN] Specified IFLA_INET6_ICMP6STATS NLA attribute holds more(most likely new kernel) data which is unknown to netlink-packet-route crate, expecting 48, got 56
08:12:05 [DEBUG] (1) libbridge:  veth :Veth { interface: Interface { name: "vethcni0", mac: None, ns: Netns { f: File { fd: 18, path: "net:[4026532558]", read: true, write: false }, path: Some("/proc/7039/ns/net") } }, peer_inf: Interface { name: "veth80d8c1d8", mac: Some(MacAddr(MacAddr6([90, 89, 0, 157, 131, 24]))), ns: Netns { f: File { fd: 19, path: "net:[4026532683]", read: true, write: false }, path: Some("/proc/7071/task/7071/ns/net") } } }
08:12:05 [INFO] (1) cni_plugin::delegation: delegating to plugin at /opt/cni/bin/libipam for command=ADD
08:12:05 [DEBUG] (1) cni_plugin::delegation: spawing child process, async=smol
08:12:05 [DEBUG] (1) cni_plugin::delegation: taking child stdin
08:12:05 [DEBUG] (1) cni_plugin::delegation: copying bytes=349 to stdin
08:12:05 [DEBUG] (1) cni_plugin::delegation: closing stdin
08:12:05 [DEBUG] (1) cni_plugin::delegation: dropping stdin handle
08:12:05 [DEBUG] (1) cni_plugin::delegation: awaiting child
08:12:05 [INFO] (1) cni_plugin::delegation: delegate plugin at /opt/cni/bin/libipam for command=ADD has returned with exit status: 0; stdout bytes=100
08:12:05 [DEBUG] (1) libbridge: ipam_result:IpamSuccessReply { cni_version: Version { major: 1, minor: 0, patch: 0, pre: [], build: [] }, ips: [Ip { address: V4(Ipv4Network { addr: 10.10.0.7, prefix: 16 }), gateway: Some(10.10.2.1), interface: None }], routes: [], dns: Dns { nameservers: [], domain: None, search: [], options: [] }, specific: {} }
08:12:05 [DEBUG] (1) libbridge: bridge_result:SuccessReply { cni_version: Version { major: 1, minor: 0, patch: 0, pre: [], build: [] }, interfaces: [Interface { name: "single0", mac: Some(MacAddr(MacAddr6([102, 200, 248, 95, 42, 253]))), sandbox: "" }, Interface { name: "veth80d8c1d8", mac: Some(MacAddr(MacAddr6([90, 89, 0, 157, 131, 24]))), sandbox: "/proc/7071/task/7071/ns/net" }, Interface { name: "vethcni0", mac: None, sandbox: "/proc/7039/ns/net" }], ips: [Ip { address: V4(Ipv4Network { addr: 10.10.0.7, prefix: 16 }), gateway: Some(10.10.2.1), interface: None }], routes: [], dns: Dns { nameservers: [], domain: None, search: [], options: [] }, specific: {} }
08:12:05 [INFO] (1) libbridge: gateway_infos: []
08:12:05 [INFO] (1) libbridge: bridge_result: SuccessReply { cni_version: Version { major: 1, minor: 0, patch: 0, pre: [], build: [] }, interfaces: [Interface { name: "single0", mac: Some(MacAddr(MacAddr6([102, 200, 248, 95, 42, 253]))), sandbox: "" }, Interface { name: "veth80d8c1d8", mac: Some(MacAddr(MacAddr6([90, 89, 0, 157, 131, 24]))), sandbox: "/proc/7071/task/7071/ns/net" }, Interface { name: "vethcni0", mac: None, sandbox: "/proc/7039/ns/net" }], ips: [Ip { address: V4(Ipv4Network { addr: 10.10.0.7, prefix: 16 }), gateway: Some(10.10.2.1), interface: Some(2) }], routes: [], dns: Dns { nameservers: [], domain: None, search: [], options: [] }, specific: {} }
08:12:05 [WARN] Specified IFLA_INET6_CONF NLA attribute holds more(most likely new kernel) data which is unknown to netlink-packet-route crate, expecting 236, got 240
08:12:05 [WARN] Specified IFLA_INET6_ICMP6STATS NLA attribute holds more(most likely new kernel) data which is unknown to netlink-packet-route crate, expecting 48, got 56
08:12:05 [DEBUG] (1) libcni::ip::ipam: ips:[Ip { address: V4(Ipv4Network { addr: 10.10.0.7, prefix: 16 }), gateway: Some(10.10.2.1), interface: Some(2) }]
08:12:05 [DEBUG] (1) libcni::ip::ipam: add ip:[Ip { address: V4(Ipv4Network { addr: 10.10.0.7, prefix: 16 }), gateway: Some(10.10.2.1), interface: Some(2) }] to:"vethcni0"
08:12:05 [DEBUG] (1) libcni::ip::addr: container ip add :10.10.0.7
08:12:05 [DEBUG] (1) libcni::ip::addr: container ip add success
08:12:05 [WARN] Specified IFLA_INET6_CONF NLA attribute holds more(most likely new kernel) data which is unknown to netlink-packet-route crate, expecting 236, got 240
08:12:05 [WARN] Specified IFLA_INET6_ICMP6STATS NLA attribute holds more(most likely new kernel) data which is unknown to netlink-packet-route crate, expecting 48, got 56
08:12:05 [WARN] Specified IFLA_INET6_CONF NLA attribute holds more(most likely new kernel) data which is unknown to netlink-packet-route crate, expecting 236, got 240
08:12:05 [WARN] Specified IFLA_INET6_ICMP6STATS NLA attribute holds more(most likely new kernel) data which is unknown to netlink-packet-route crate, expecting 48, got 56
08:12:05 [WARN] Specified IFLA_INET6_CONF NLA attribute holds more(most likely new kernel) data which is unknown to netlink-packet-route crate, expecting 236, got 240
08:12:05 [WARN] Specified IFLA_INET6_ICMP6STATS NLA attribute holds more(most likely new kernel) data which is unknown to netlink-packet-route crate, expecting 48, got 56
08:12:05 [WARN] Specified IFLA_INET6_CONF NLA attribute holds more(most likely new kernel) data which is unknown to netlink-packet-route crate, expecting 236, got 240
08:12:05 [WARN] Specified IFLA_INET6_ICMP6STATS NLA attribute holds more(most likely new kernel) data which is unknown to netlink-packet-route crate, expecting 48, got 56
08:12:05 [WARN] Specified IFLA_INET6_CONF NLA attribute holds more(most likely new kernel) data which is unknown to netlink-packet-route crate, expecting 236, got 240
08:12:05 [WARN] Specified IFLA_INET6_ICMP6STATS NLA attribute holds more(most likely new kernel) data which is unknown to netlink-packet-route crate, expecting 48, got 56
08:12:05 [WARN] Specified IFLA_INET6_CONF NLA attribute holds more(most likely new kernel) data which is unknown to netlink-packet-route crate, expecting 236, got 240
08:12:05 [WARN] Specified IFLA_INET6_ICMP6STATS NLA attribute holds more(most likely new kernel) data which is unknown to netlink-packet-route crate, expecting 48, got 56
08:12:05 [INFO] (1) libnetwork::ip: all_ifaces: [Interface { index: 1, mtu: Some(65536), name: "lo", hardware_addr: Some(V6(MacAddr6([0, 0, 0, 0, 0, 0]))), flags: Flags(UP | POINT_TO_POINT) }, Interface { index: 2, mtu: Some(1480), name: "tunl0", hardware_addr: None, flags: Flags(0x0) }, Interface { index: 3, mtu: Some(1480), name: "sit0", hardware_addr: None, flags: Flags(0x0) }, Interface { index: 4, mtu: Some(1452), name: "ip6tnl0", hardware_addr: None, flags: Flags(0x0) }, Interface { index: 5, mtu: Some(1500), name: "eth0", hardware_addr: Some(V6(MacAddr6([178, 210, 81, 3, 27, 185]))), flags: Flags(UP | BROADCAST) }, Interface { index: 6, mtu: Some(1500), name: "single0", hardware_addr: Some(V6(MacAddr6([226, 202, 157, 84, 169, 60]))), flags: Flags(UP | BROADCAST) }, Interface { index: 7, mtu: Some(1500), name: "veth80d8c1d8", hardware_addr: Some(V6(MacAddr6([222, 193, 30, 47, 198, 48]))), flags: Flags(UP | BROADCAST) }]
08:12:05 [WARN] Specified IFLA_INET6_CONF NLA attribute holds more(most likely new kernel) data which is unknown to netlink-packet-route crate, expecting 236, got 240
08:12:05 [WARN] Specified IFLA_INET6_ICMP6STATS NLA attribute holds more(most likely new kernel) data which is unknown to netlink-packet-route crate, expecting 48, got 56
08:12:05 [WARN] Specified IFLA_INET6_CONF NLA attribute holds more(most likely new kernel) data which is unknown to netlink-packet-route crate, expecting 236, got 240
08:12:05 [WARN] Specified IFLA_INET6_ICMP6STATS NLA attribute holds more(most likely new kernel) data which is unknown to netlink-packet-route crate, expecting 48, got 56
08:12:05 [WARN] Specified IFLA_INET6_CONF NLA attribute holds more(most likely new kernel) data which is unknown to netlink-packet-route crate, expecting 236, got 240
08:12:05 [WARN] Specified IFLA_INET6_ICMP6STATS NLA attribute holds more(most likely new kernel) data which is unknown to netlink-packet-route crate, expecting 48, got 56
08:12:05 [WARN] Specified IFLA_INET6_CONF NLA attribute holds more(most likely new kernel) data which is unknown to netlink-packet-route crate, expecting 236, got 240
08:12:05 [WARN] Specified IFLA_INET6_ICMP6STATS NLA attribute holds more(most likely new kernel) data which is unknown to netlink-packet-route crate, expecting 48, got 56
08:12:05 [WARN] Specified IFLA_INET6_CONF NLA attribute holds more(most likely new kernel) data which is unknown to netlink-packet-route crate, expecting 236, got 240
08:12:05 [WARN] Specified IFLA_INET6_ICMP6STATS NLA attribute holds more(most likely new kernel) data which is unknown to netlink-packet-route crate, expecting 48, got 56
08:12:05 [WARN] Specified IFLA_INET6_CONF NLA attribute holds more(most likely new kernel) data which is unknown to netlink-packet-route crate, expecting 236, got 240
08:12:05 [WARN] Specified IFLA_INET6_ICMP6STATS NLA attribute holds more(most likely new kernel) data which is unknown to netlink-packet-route crate, expecting 48, got 56
08:12:05 [DEBUG] (1) libbridge: success! SuccessReply {
    cni_version: Version {
        major: 1,
        minor: 0,
        patch: 0,
        pre: [],
        build: [],
    },
    interfaces: [
        Interface {
            name: "single0",
            mac: Some(
                MacAddr(
                    MacAddr6(
                        [
                            102,
                            200,
                            248,
                            95,
                            42,
                            253,
                        ],
                    ),
                ),
            ),
            sandbox: "",
        },
        Interface {
            name: "veth80d8c1d8",
            mac: Some(
                MacAddr(
                    MacAddr6(
                        [
                            90,
                            89,
                            0,
                            157,
                            131,
                            24,
                        ],
                    ),
                ),
            ),
            sandbox: "/proc/7071/task/7071/ns/net",
        },
        Interface {
            name: "vethcni0",
            mac: None,
            sandbox: "/proc/7039/ns/net",
        },
    ],
    ips: [
        Ip {
            address: V4(
                Ipv4Network {
                    addr: 10.10.0.7,
                    prefix: 16,
                },
            ),
            gateway: Some(
                10.10.2.1,
            ),
            interface: Some(
                2,
            ),
        },
    ],
    routes: [],
    dns: Dns {
        nameservers: [],
        domain: None,
        search: [],
        options: [],
    },
    specific: {},
}
08:12:05 [DEBUG] (1) cni_plugin::reply: replying with SuccessReply {
    cni_version: Version {
        major: 1,
        minor: 0,
        patch: 0,
        pre: [],
        build: [],
    },
    interfaces: [
        Interface {
            name: "single0",
            mac: Some(
                MacAddr(
                    MacAddr6(
                        [
                            102,
                            200,
                            248,
                            95,
                            42,
                            253,
                        ],
                    ),
                ),
            ),
            sandbox: "",
        },
        Interface {
            name: "veth80d8c1d8",
            mac: Some(
                MacAddr(
                    MacAddr6(
                        [
                            90,
                            89,
                            0,
                            157,
                            131,
                            24,
                        ],
                    ),
                ),
            ),
            sandbox: "/proc/7071/task/7071/ns/net",
        },
        Interface {
            name: "vethcni0",
            mac: None,
            sandbox: "/proc/7039/ns/net",
        },
    ],
    ips: [
        Ip {
            address: V4(
                Ipv4Network {
                    addr: 10.10.0.7,
                    prefix: 16,
                },
            ),
            gateway: Some(
                10.10.2.1,
            ),
            interface: Some(
                2,
            ),
        },
    ],
    routes: [],
    dns: Dns {
        nameservers: [],
        domain: None,
        search: [],
        options: [],
    },
    specific: {},
}
08:31:21 [DEBUG] (1) libbridge: libbridge (CNI bridge plugin) version 0.1.0
08:31:21 [DEBUG] (1) cni_plugin::cni: CNI plugin built with cni-plugin crate version 0.2.1
08:31:21 [DEBUG] (1) cni_plugin::cni: read env var CNI_PATH = "/opt/cni/bin"
08:31:21 [DEBUG] (1) cni_plugin::cni: reading stdin til EOF...
08:31:21 [DEBUG] (1) cni_plugin::cni: read payload bytes=376
08:31:21 [DEBUG] (1) cni_plugin::cni: read env var CNI_COMMAND = "DEL"
08:31:21 [DEBUG] (1) cni_plugin::cni: read env var CNI_CONTAINERID = "7039"
08:31:21 [DEBUG] (1) cni_plugin::cni: read env var CNI_IFNAME = "vethcni0"
08:31:21 [DEBUG] (1) cni_plugin::cni: read env var CNI_NETNS = "/proc/7039/ns/net"
08:31:21 [INFO] (1) libbridge: libbridge serving spec v1.0.0 for command=Del
08:31:21 [INFO] (1) libbridge: (CNI bridge plugin) version bridge config: BridgeNetConf { net_conf: NetworkConfig { cni_version: Version { major: 1, minor: 0, patch: 0, pre: [], build: [] }, name: "single-net", plugin: "libbridge", args: {}, ip_masq: false, ipam: Some(IpamConfig { plugin: "libipam", specific: {"dataDir": Null, "name": Null, "routes": Null, "ranges": Array [Array [Object {"gateway": String("10.10.2.1"), "subnet": String("10.10.0.0/16")}]], "resolvConf": Null} }), dns: None, runtime: None, prev_result: None, specific: {"is_default_gateway": Null, "mac_spoof_check": Null, "hairpin_mode": Null, "is_gateway": Bool(true), "vlan_trunk": Null, "cni_version": String("1.0.0")} }, br_name: Some("single0"), is_gw: None, is_default_gw: None, force_address: None, mtu: Some(1500), hairpin_mode: None, promisc_mode: None, vlan: None, vlan_trunk: None, preserve_default_vlan: Some(true), mac_spoof_chk: None, enable_dad: None, disable_container_interface: None, port_isolation: None, args: None, mac: None, vlans: Some([]) }
08:31:21 [WARN] Specified IFLA_INET6_CONF NLA attribute holds more(most likely new kernel) data which is unknown to netlink-packet-route crate, expecting 236, got 240
08:31:21 [WARN] Specified IFLA_INET6_ICMP6STATS NLA attribute holds more(most likely new kernel) data which is unknown to netlink-packet-route crate, expecting 48, got 56
08:31:21 [INFO] (1) cni_plugin::delegation: delegating to plugin at /opt/cni/bin/libipam for command=DEL
08:31:21 [DEBUG] (1) cni_plugin::delegation: spawing child process, async=smol
08:31:21 [DEBUG] (1) cni_plugin::delegation: taking child stdin
08:31:21 [DEBUG] (1) cni_plugin::delegation: copying bytes=349 to stdin
08:31:21 [DEBUG] (1) cni_plugin::delegation: closing stdin
08:31:21 [DEBUG] (1) cni_plugin::delegation: dropping stdin handle
08:31:21 [DEBUG] (1) cni_plugin::delegation: awaiting child
08:31:21 [INFO] (1) cni_plugin::delegation: delegate plugin at /opt/cni/bin/libipam for command=DEL has returned with exit status: 0; stdout bytes=52
08:31:21 [DEBUG] (1) libbridge: success! SuccessReply {
    cni_version: Version {
        major: 1,
        minor: 0,
        patch: 0,
        pre: [],
        build: [],
    },
    interfaces: [],
    ips: [],
    routes: [],
    dns: Dns {
        nameservers: [],
        domain: None,
        search: [],
        options: [],
    },
    specific: {},
}
08:31:21 [DEBUG] (1) cni_plugin::reply: replying with SuccessReply {
    cni_version: Version {
        major: 1,
        minor: 0,
        patch: 0,
        pre: [],
        build: [],
    },
    interfaces: [],
    ips: [],
    routes: [],
    dns: Dns {
        nameservers: [],
        domain: None,
        search: [],
        options: [],
    },
    specific: {},
}
08:31:24 [DEBUG] (1) libbridge: libbridge (CNI bridge plugin) version 0.1.0
08:31:24 [DEBUG] (1) cni_plugin::cni: CNI plugin built with cni-plugin crate version 0.2.1
08:31:24 [DEBUG] (1) cni_plugin::cni: read env var CNI_PATH = "/opt/cni/bin"
08:31:24 [DEBUG] (1) cni_plugin::cni: reading stdin til EOF...
08:31:24 [DEBUG] (1) cni_plugin::cni: read payload bytes=376
08:31:24 [DEBUG] (1) cni_plugin::cni: read env var CNI_COMMAND = "DEL"
08:31:24 [DEBUG] (1) cni_plugin::cni: read env var CNI_CONTAINERID = "7110"
08:31:24 [DEBUG] (1) cni_plugin::cni: read env var CNI_IFNAME = "vethcni0"
08:31:24 [DEBUG] (1) cni_plugin::cni: read env var CNI_NETNS = "/proc/7110/ns/net"
08:31:24 [INFO] (1) libbridge: libbridge serving spec v1.0.0 for command=Del
08:31:24 [INFO] (1) libbridge: (CNI bridge plugin) version bridge config: BridgeNetConf { net_conf: NetworkConfig { cni_version: Version { major: 1, minor: 0, patch: 0, pre: [], build: [] }, name: "single-net", plugin: "libbridge", args: {}, ip_masq: false, ipam: Some(IpamConfig { plugin: "libipam", specific: {"name": Null, "ranges": Array [Array [Object {"gateway": String("10.10.2.1"), "subnet": String("10.10.0.0/16")}]], "resolvConf": Null, "dataDir": Null, "routes": Null} }), dns: None, runtime: None, prev_result: None, specific: {"cni_version": String("1.0.0"), "vlan_trunk": Null, "hairpin_mode": Null, "mac_spoof_check": Null, "is_gateway": Bool(true), "is_default_gateway": Null} }, br_name: Some("single0"), is_gw: None, is_default_gw: None, force_address: None, mtu: Some(1500), hairpin_mode: None, promisc_mode: None, vlan: None, vlan_trunk: None, preserve_default_vlan: Some(true), mac_spoof_chk: None, enable_dad: None, disable_container_interface: None, port_isolation: None, args: None, mac: None, vlans: Some([]) }
08:31:24 [ERROR] error: NetnsError: netns not found at path "/proc/7110/ns/net"
08:31:24 [DEBUG] (1) cni_plugin::reply: replying with ErrorReply {
    cni_version: Version {
        major: 1,
        minor: 0,
        patch: 0,
        pre: [],
        build: [],
    },
    code: 118,
    msg: "NetnsError",
    details: "netns not found at path \"/proc/7110/ns/net\"",
}
08:32:23 [DEBUG] (1) libbridge: libbridge (CNI bridge plugin) version 0.1.0
08:32:23 [DEBUG] (1) cni_plugin::cni: CNI plugin built with cni-plugin crate version 0.2.1
08:32:23 [DEBUG] (1) cni_plugin::cni: read env var CNI_PATH = "/opt/cni/bin"
08:32:23 [DEBUG] (1) cni_plugin::cni: reading stdin til EOF...
08:32:23 [DEBUG] (1) cni_plugin::cni: read payload bytes=0
08:32:23 [ERROR] missing input network config
08:32:23 [DEBUG] (1) cni_plugin::reply: replying with ErrorReply {
    cni_version: Version {
        major: 1,
        minor: 0,
        patch: 0,
        pre: [],
        build: [],
    },
    code: 7,
    msg: "Missing payload",
    details: "missing input network config",
}
08:32:23 [DEBUG] (1) libbridge: libbridge (CNI bridge plugin) version 0.1.0
08:32:23 [DEBUG] (1) cni_plugin::cni: CNI plugin built with cni-plugin crate version 0.2.1
08:32:23 [DEBUG] (1) cni_plugin::cni: read env var CNI_PATH = "/opt/cni/bin"
08:32:23 [DEBUG] (1) cni_plugin::cni: reading stdin til EOF...
08:32:23 [DEBUG] (1) cni_plugin::cni: read payload bytes=376
08:32:23 [DEBUG] (1) cni_plugin::cni: read env var CNI_COMMAND = "ADD"
08:32:23 [DEBUG] (1) cni_plugin::cni: read env var CNI_CONTAINERID = "98110"
08:32:23 [DEBUG] (1) cni_plugin::cni: read env var CNI_IFNAME = "vethcni0"
08:32:23 [DEBUG] (1) cni_plugin::cni: read env var CNI_NETNS = "/proc/98110/ns/net"
08:32:23 [INFO] (1) libbridge: libbridge serving spec v1.0.0 for command=Add
08:32:23 [INFO] (1) libbridge: (CNI bridge plugin) version bridge config: BridgeNetConf { net_conf: NetworkConfig { cni_version: Version { major: 1, minor: 0, patch: 0, pre: [], build: [] }, name: "single-net", plugin: "libbridge", args: {}, ip_masq: false, ipam: Some(IpamConfig { plugin: "libipam", specific: {"ranges": Array [Array [Object {"gateway": String("10.10.2.1"), "subnet": String("10.10.0.0/16")}]], "name": Null, "routes": Null, "resolvConf": Null, "dataDir": Null} }), dns: None, runtime: None, prev_result: None, specific: {"cni_version": String("1.0.0"), "vlan_trunk": Null, "is_gateway": Bool(true), "hairpin_mode": Null, "is_default_gateway": Null, "mac_spoof_check": Null} }, br_name: Some("single0"), is_gw: None, is_default_gw: None, force_address: None, mtu: Some(1500), hairpin_mode: None, promisc_mode: None, vlan: None, vlan_trunk: None, preserve_default_vlan: Some(true), mac_spoof_chk: None, enable_dad: None, disable_container_interface: None, port_isolation: None, args: None, mac: None, vlans: Some([]) }
08:32:23 [WARN] Specified IFLA_INET6_CONF NLA attribute holds more(most likely new kernel) data which is unknown to netlink-packet-route crate, expecting 236, got 240
08:32:23 [WARN] Specified IFLA_INET6_ICMP6STATS NLA attribute holds more(most likely new kernel) data which is unknown to netlink-packet-route crate, expecting 48, got 56
08:32:23 [WARN] Specified IFLA_INET6_CONF NLA attribute holds more(most likely new kernel) data which is unknown to netlink-packet-route crate, expecting 236, got 240
08:32:23 [WARN] Specified IFLA_INET6_ICMP6STATS NLA attribute holds more(most likely new kernel) data which is unknown to netlink-packet-route crate, expecting 48, got 56
08:32:23 [WARN] Specified IFLA_INET6_CONF NLA attribute holds more(most likely new kernel) data which is unknown to netlink-packet-route crate, expecting 236, got 240
08:32:23 [WARN] Specified IFLA_INET6_ICMP6STATS NLA attribute holds more(most likely new kernel) data which is unknown to netlink-packet-route crate, expecting 48, got 56
08:32:23 [INFO] (1) libbridge: netns: "NS(4:4026532558)"
08:32:23 [INFO] (1) libbridge: host_ns: "NS(4:4026532683)"
08:32:23 [INFO] (1) libcni::ip::veth: Creating veth pair: container_veth_name=vethcni0, host_veth_name=vethcb526599
08:32:23 [WARN] Specified IFLA_INET6_CONF NLA attribute holds more(most likely new kernel) data which is unknown to netlink-packet-route crate, expecting 236, got 240
08:32:23 [WARN] Specified IFLA_INET6_ICMP6STATS NLA attribute holds more(most likely new kernel) data which is unknown to netlink-packet-route crate, expecting 48, got 56
08:32:23 [INFO] (1) libbridge: veth: Veth { interface: Interface { name: "vethcni0", mac: None, ns: Netns { f: File { fd: 18, path: "net:[4026532558]", read: true, write: false }, path: Some("/proc/98110/ns/net") } }, peer_inf: Interface { name: "vethcb526599", mac: None, ns: Netns { f: File { fd: 19, path: "net:[4026532683]", read: true, write: false }, path: Some("/proc/98113/task/98113/ns/net") } } }
08:32:23 [WARN] Specified IFLA_INET6_CONF NLA attribute holds more(most likely new kernel) data which is unknown to netlink-packet-route crate, expecting 236, got 240
08:32:23 [WARN] Specified IFLA_INET6_ICMP6STATS NLA attribute holds more(most likely new kernel) data which is unknown to netlink-packet-route crate, expecting 48, got 56
08:32:23 [WARN] Specified IFLA_INET6_CONF NLA attribute holds more(most likely new kernel) data which is unknown to netlink-packet-route crate, expecting 236, got 240
08:32:23 [WARN] Specified IFLA_INET6_ICMP6STATS NLA attribute holds more(most likely new kernel) data which is unknown to netlink-packet-route crate, expecting 48, got 56
08:32:23 [DEBUG] (1) libbridge:  veth :Veth { interface: Interface { name: "vethcni0", mac: None, ns: Netns { f: File { fd: 18, path: "net:[4026532558]", read: true, write: false }, path: Some("/proc/98110/ns/net") } }, peer_inf: Interface { name: "vethcb526599", mac: Some(MacAddr(MacAddr6([166, 16, 252, 133, 3, 90]))), ns: Netns { f: File { fd: 19, path: "net:[4026532683]", read: true, write: false }, path: Some("/proc/98113/task/98113/ns/net") } } }
08:32:23 [INFO] (1) cni_plugin::delegation: delegating to plugin at /opt/cni/bin/libipam for command=ADD
08:32:23 [DEBUG] (1) cni_plugin::delegation: spawing child process, async=smol
08:32:23 [DEBUG] (1) cni_plugin::delegation: taking child stdin
08:32:23 [DEBUG] (1) cni_plugin::delegation: copying bytes=349 to stdin
08:32:23 [DEBUG] (1) cni_plugin::delegation: closing stdin
08:32:23 [DEBUG] (1) cni_plugin::delegation: dropping stdin handle
08:32:23 [DEBUG] (1) cni_plugin::delegation: awaiting child
08:32:23 [INFO] (1) cni_plugin::delegation: delegate plugin at /opt/cni/bin/libipam for command=ADD has returned with exit status: 0; stdout bytes=100
08:32:23 [DEBUG] (1) libbridge: ipam_result:IpamSuccessReply { cni_version: Version { major: 1, minor: 0, patch: 0, pre: [], build: [] }, ips: [Ip { address: V4(Ipv4Network { addr: 10.10.0.8, prefix: 16 }), gateway: Some(10.10.2.1), interface: None }], routes: [], dns: Dns { nameservers: [], domain: None, search: [], options: [] }, specific: {} }
08:32:23 [DEBUG] (1) libbridge: bridge_result:SuccessReply { cni_version: Version { major: 1, minor: 0, patch: 0, pre: [], build: [] }, interfaces: [Interface { name: "single0", mac: Some(MacAddr(MacAddr6([226, 202, 157, 84, 169, 60]))), sandbox: "" }, Interface { name: "vethcb526599", mac: Some(MacAddr(MacAddr6([166, 16, 252, 133, 3, 90]))), sandbox: "/proc/98113/task/98113/ns/net" }, Interface { name: "vethcni0", mac: None, sandbox: "/proc/98110/ns/net" }], ips: [Ip { address: V4(Ipv4Network { addr: 10.10.0.8, prefix: 16 }), gateway: Some(10.10.2.1), interface: None }], routes: [], dns: Dns { nameservers: [], domain: None, search: [], options: [] }, specific: {} }
08:32:23 [INFO] (1) libbridge: gateway_infos: []
08:32:23 [INFO] (1) libbridge: bridge_result: SuccessReply { cni_version: Version { major: 1, minor: 0, patch: 0, pre: [], build: [] }, interfaces: [Interface { name: "single0", mac: Some(MacAddr(MacAddr6([226, 202, 157, 84, 169, 60]))), sandbox: "" }, Interface { name: "vethcb526599", mac: Some(MacAddr(MacAddr6([166, 16, 252, 133, 3, 90]))), sandbox: "/proc/98113/task/98113/ns/net" }, Interface { name: "vethcni0", mac: None, sandbox: "/proc/98110/ns/net" }], ips: [Ip { address: V4(Ipv4Network { addr: 10.10.0.8, prefix: 16 }), gateway: Some(10.10.2.1), interface: Some(2) }], routes: [], dns: Dns { nameservers: [], domain: None, search: [], options: [] }, specific: {} }
08:32:23 [WARN] Specified IFLA_INET6_CONF NLA attribute holds more(most likely new kernel) data which is unknown to netlink-packet-route crate, expecting 236, got 240
08:32:23 [WARN] Specified IFLA_INET6_ICMP6STATS NLA attribute holds more(most likely new kernel) data which is unknown to netlink-packet-route crate, expecting 48, got 56
08:32:23 [DEBUG] (1) libcni::ip::ipam: ips:[Ip { address: V4(Ipv4Network { addr: 10.10.0.8, prefix: 16 }), gateway: Some(10.10.2.1), interface: Some(2) }]
08:32:23 [DEBUG] (1) libcni::ip::ipam: add ip:[Ip { address: V4(Ipv4Network { addr: 10.10.0.8, prefix: 16 }), gateway: Some(10.10.2.1), interface: Some(2) }] to:"vethcni0"
08:32:23 [DEBUG] (1) libcni::ip::addr: container ip add :10.10.0.8
08:32:23 [DEBUG] (1) libcni::ip::addr: container ip add success
08:32:23 [WARN] Specified IFLA_INET6_CONF NLA attribute holds more(most likely new kernel) data which is unknown to netlink-packet-route crate, expecting 236, got 240
08:32:23 [WARN] Specified IFLA_INET6_ICMP6STATS NLA attribute holds more(most likely new kernel) data which is unknown to netlink-packet-route crate, expecting 48, got 56
08:32:23 [WARN] Specified IFLA_INET6_CONF NLA attribute holds more(most likely new kernel) data which is unknown to netlink-packet-route crate, expecting 236, got 240
08:32:23 [WARN] Specified IFLA_INET6_ICMP6STATS NLA attribute holds more(most likely new kernel) data which is unknown to netlink-packet-route crate, expecting 48, got 56
08:32:23 [WARN] Specified IFLA_INET6_CONF NLA attribute holds more(most likely new kernel) data which is unknown to netlink-packet-route crate, expecting 236, got 240
08:32:23 [WARN] Specified IFLA_INET6_ICMP6STATS NLA attribute holds more(most likely new kernel) data which is unknown to netlink-packet-route crate, expecting 48, got 56
08:32:23 [WARN] Specified IFLA_INET6_CONF NLA attribute holds more(most likely new kernel) data which is unknown to netlink-packet-route crate, expecting 236, got 240
08:32:23 [WARN] Specified IFLA_INET6_ICMP6STATS NLA attribute holds more(most likely new kernel) data which is unknown to netlink-packet-route crate, expecting 48, got 56
08:32:23 [WARN] Specified IFLA_INET6_CONF NLA attribute holds more(most likely new kernel) data which is unknown to netlink-packet-route crate, expecting 236, got 240
08:32:23 [WARN] Specified IFLA_INET6_ICMP6STATS NLA attribute holds more(most likely new kernel) data which is unknown to netlink-packet-route crate, expecting 48, got 56
08:32:23 [WARN] Specified IFLA_INET6_CONF NLA attribute holds more(most likely new kernel) data which is unknown to netlink-packet-route crate, expecting 236, got 240
08:32:23 [WARN] Specified IFLA_INET6_ICMP6STATS NLA attribute holds more(most likely new kernel) data which is unknown to netlink-packet-route crate, expecting 48, got 56
08:32:23 [INFO] (1) libnetwork::ip: all_ifaces: [Interface { index: 1, mtu: Some(65536), name: "lo", hardware_addr: Some(V6(MacAddr6([0, 0, 0, 0, 0, 0]))), flags: Flags(UP | POINT_TO_POINT) }, Interface { index: 2, mtu: Some(1480), name: "tunl0", hardware_addr: None, flags: Flags(0x0) }, Interface { index: 3, mtu: Some(1480), name: "sit0", hardware_addr: None, flags: Flags(0x0) }, Interface { index: 4, mtu: Some(1452), name: "ip6tnl0", hardware_addr: None, flags: Flags(0x0) }, Interface { index: 5, mtu: Some(1500), name: "eth0", hardware_addr: Some(V6(MacAddr6([178, 210, 81, 3, 27, 185]))), flags: Flags(UP | BROADCAST) }, Interface { index: 6, mtu: Some(1500), name: "single0", hardware_addr: Some(V6(MacAddr6([226, 202, 157, 84, 169, 60]))), flags: Flags(UP | BROADCAST) }, Interface { index: 8, mtu: Some(1500), name: "vethcb526599", hardware_addr: Some(V6(MacAddr6([166, 16, 252, 133, 3, 90]))), flags: Flags(UP | BROADCAST) }]
08:32:23 [WARN] Specified IFLA_INET6_CONF NLA attribute holds more(most likely new kernel) data which is unknown to netlink-packet-route crate, expecting 236, got 240
08:32:23 [WARN] Specified IFLA_INET6_ICMP6STATS NLA attribute holds more(most likely new kernel) data which is unknown to netlink-packet-route crate, expecting 48, got 56
08:32:23 [WARN] Specified IFLA_INET6_CONF NLA attribute holds more(most likely new kernel) data which is unknown to netlink-packet-route crate, expecting 236, got 240
08:32:23 [WARN] Specified IFLA_INET6_ICMP6STATS NLA attribute holds more(most likely new kernel) data which is unknown to netlink-packet-route crate, expecting 48, got 56
08:32:23 [WARN] Specified IFLA_INET6_CONF NLA attribute holds more(most likely new kernel) data which is unknown to netlink-packet-route crate, expecting 236, got 240
08:32:23 [WARN] Specified IFLA_INET6_ICMP6STATS NLA attribute holds more(most likely new kernel) data which is unknown to netlink-packet-route crate, expecting 48, got 56
08:32:23 [WARN] Specified IFLA_INET6_CONF NLA attribute holds more(most likely new kernel) data which is unknown to netlink-packet-route crate, expecting 236, got 240
08:32:23 [WARN] Specified IFLA_INET6_ICMP6STATS NLA attribute holds more(most likely new kernel) data which is unknown to netlink-packet-route crate, expecting 48, got 56
08:32:23 [WARN] Specified IFLA_INET6_CONF NLA attribute holds more(most likely new kernel) data which is unknown to netlink-packet-route crate, expecting 236, got 240
08:32:23 [WARN] Specified IFLA_INET6_ICMP6STATS NLA attribute holds more(most likely new kernel) data which is unknown to netlink-packet-route crate, expecting 48, got 56
08:32:23 [WARN] Specified IFLA_INET6_CONF NLA attribute holds more(most likely new kernel) data which is unknown to netlink-packet-route crate, expecting 236, got 240
08:32:23 [WARN] Specified IFLA_INET6_ICMP6STATS NLA attribute holds more(most likely new kernel) data which is unknown to netlink-packet-route crate, expecting 48, got 56
08:32:23 [DEBUG] (1) libbridge: success! SuccessReply {
    cni_version: Version {
        major: 1,
        minor: 0,
        patch: 0,
        pre: [],
        build: [],
    },
    interfaces: [
        Interface {
            name: "single0",
            mac: Some(
                MacAddr(
                    MacAddr6(
                        [
                            226,
                            202,
                            157,
                            84,
                            169,
                            60,
                        ],
                    ),
                ),
            ),
            sandbox: "",
        },
        Interface {
            name: "vethcb526599",
            mac: Some(
                MacAddr(
                    MacAddr6(
                        [
                            166,
                            16,
                            252,
                            133,
                            3,
                            90,
                        ],
                    ),
                ),
            ),
            sandbox: "/proc/98113/task/98113/ns/net",
        },
        Interface {
            name: "vethcni0",
            mac: None,
            sandbox: "/proc/98110/ns/net",
        },
    ],
    ips: [
        Ip {
            address: V4(
                Ipv4Network {
                    addr: 10.10.0.8,
                    prefix: 16,
                },
            ),
            gateway: Some(
                10.10.2.1,
            ),
            interface: Some(
                2,
            ),
        },
    ],
    routes: [],
    dns: Dns {
        nameservers: [],
        domain: None,
        search: [],
        options: [],
    },
    specific: {},
}
08:32:23 [DEBUG] (1) cni_plugin::reply: replying with SuccessReply {
    cni_version: Version {
        major: 1,
        minor: 0,
        patch: 0,
        pre: [],
        build: [],
    },
    interfaces: [
        Interface {
            name: "single0",
            mac: Some(
                MacAddr(
                    MacAddr6(
                        [
                            226,
                            202,
                            157,
                            84,
                            169,
                            60,
                        ],
                    ),
                ),
            ),
            sandbox: "",
        },
        Interface {
            name: "vethcb526599",
            mac: Some(
                MacAddr(
                    MacAddr6(
                        [
                            166,
                            16,
                            252,
                            133,
                            3,
                            90,
                        ],
                    ),
                ),
            ),
            sandbox: "/proc/98113/task/98113/ns/net",
        },
        Interface {
            name: "vethcni0",
            mac: None,
            sandbox: "/proc/98110/ns/net",
        },
    ],
    ips: [
        Ip {
            address: V4(
                Ipv4Network {
                    addr: 10.10.0.8,
                    prefix: 16,
                },
            ),
            gateway: Some(
                10.10.2.1,
            ),
            interface: Some(
                2,
            ),
        },
    ],
    routes: [],
    dns: Dns {
        nameservers: [],
        domain: None,
        search: [],
        options: [],
    },
    specific: {},
}
08:42:47 [DEBUG] (1) libbridge: libbridge (CNI bridge plugin) version 0.1.0
08:42:47 [DEBUG] (1) cni_plugin::cni: CNI plugin built with cni-plugin crate version 0.2.1
08:42:47 [DEBUG] (1) cni_plugin::cni: read env var CNI_PATH = "/opt/cni/bin"
08:42:47 [DEBUG] (1) cni_plugin::cni: reading stdin til EOF...
08:42:47 [DEBUG] (1) cni_plugin::cni: read payload bytes=376
08:42:47 [DEBUG] (1) cni_plugin::cni: read env var CNI_COMMAND = "DEL"
08:42:47 [DEBUG] (1) cni_plugin::cni: read env var CNI_CONTAINERID = "98110"
08:42:47 [DEBUG] (1) cni_plugin::cni: read env var CNI_IFNAME = "vethcni0"
08:42:47 [DEBUG] (1) cni_plugin::cni: read env var CNI_NETNS = "/proc/98110/ns/net"
08:42:47 [INFO] (1) libbridge: libbridge serving spec v1.0.0 for command=Del
08:42:47 [INFO] (1) libbridge: (CNI bridge plugin) version bridge config: BridgeNetConf { net_conf: NetworkConfig { cni_version: Version { major: 1, minor: 0, patch: 0, pre: [], build: [] }, name: "single-net", plugin: "libbridge", args: {}, ip_masq: false, ipam: Some(IpamConfig { plugin: "libipam", specific: {"name": Null, "ranges": Array [Array [Object {"gateway": String("10.10.2.1"), "subnet": String("10.10.0.0/16")}]], "resolvConf": Null, "dataDir": Null, "routes": Null} }), dns: None, runtime: None, prev_result: None, specific: {"is_default_gateway": Null, "vlan_trunk": Null, "cni_version": String("1.0.0"), "hairpin_mode": Null, "mac_spoof_check": Null, "is_gateway": Bool(true)} }, br_name: Some("single0"), is_gw: None, is_default_gw: None, force_address: None, mtu: Some(1500), hairpin_mode: None, promisc_mode: None, vlan: None, vlan_trunk: None, preserve_default_vlan: Some(true), mac_spoof_chk: None, enable_dad: None, disable_container_interface: None, port_isolation: None, args: None, mac: None, vlans: Some([]) }
08:42:47 [WARN] Specified IFLA_INET6_CONF NLA attribute holds more(most likely new kernel) data which is unknown to netlink-packet-route crate, expecting 236, got 240
08:42:47 [WARN] Specified IFLA_INET6_ICMP6STATS NLA attribute holds more(most likely new kernel) data which is unknown to netlink-packet-route crate, expecting 48, got 56
08:42:47 [INFO] (1) cni_plugin::delegation: delegating to plugin at /opt/cni/bin/libipam for command=DEL
08:42:47 [DEBUG] (1) cni_plugin::delegation: spawing child process, async=smol
08:42:47 [DEBUG] (1) cni_plugin::delegation: taking child stdin
08:42:47 [DEBUG] (1) cni_plugin::delegation: copying bytes=349 to stdin
08:42:47 [DEBUG] (1) cni_plugin::delegation: closing stdin
08:42:47 [DEBUG] (1) cni_plugin::delegation: dropping stdin handle
08:42:47 [DEBUG] (1) cni_plugin::delegation: awaiting child
08:42:47 [INFO] (1) cni_plugin::delegation: delegate plugin at /opt/cni/bin/libipam for command=DEL has returned with exit status: 0; stdout bytes=52
08:42:47 [DEBUG] (1) libbridge: success! SuccessReply {
    cni_version: Version {
        major: 1,
        minor: 0,
        patch: 0,
        pre: [],
        build: [],
    },
    interfaces: [],
    ips: [],
    routes: [],
    dns: Dns {
        nameservers: [],
        domain: None,
        search: [],
        options: [],
    },
    specific: {},
}
08:42:47 [DEBUG] (1) cni_plugin::reply: replying with SuccessReply {
    cni_version: Version {
        major: 1,
        minor: 0,
        patch: 0,
        pre: [],
        build: [],
    },
    interfaces: [],
    ips: [],
    routes: [],
    dns: Dns {
        nameservers: [],
        domain: None,
        search: [],
        options: [],
    },
    specific: {},
}
08:42:49 [DEBUG] (1) libbridge: libbridge (CNI bridge plugin) version 0.1.0
08:42:49 [DEBUG] (1) cni_plugin::cni: CNI plugin built with cni-plugin crate version 0.2.1
08:42:49 [DEBUG] (1) cni_plugin::cni: read env var CNI_PATH = "/opt/cni/bin"
08:42:49 [DEBUG] (1) cni_plugin::cni: reading stdin til EOF...
08:42:49 [DEBUG] (1) cni_plugin::cni: read payload bytes=376
08:42:49 [DEBUG] (1) cni_plugin::cni: read env var CNI_COMMAND = "DEL"
08:42:49 [DEBUG] (1) cni_plugin::cni: read env var CNI_CONTAINERID = "98122"
08:42:49 [DEBUG] (1) cni_plugin::cni: read env var CNI_IFNAME = "vethcni0"
08:42:49 [DEBUG] (1) cni_plugin::cni: read env var CNI_NETNS = "/proc/98122/ns/net"
08:42:49 [INFO] (1) libbridge: libbridge serving spec v1.0.0 for command=Del
08:42:49 [INFO] (1) libbridge: (CNI bridge plugin) version bridge config: BridgeNetConf { net_conf: NetworkConfig { cni_version: Version { major: 1, minor: 0, patch: 0, pre: [], build: [] }, name: "single-net", plugin: "libbridge", args: {}, ip_masq: false, ipam: Some(IpamConfig { plugin: "libipam", specific: {"ranges": Array [Array [Object {"gateway": String("10.10.2.1"), "subnet": String("10.10.0.0/16")}]], "resolvConf": Null, "dataDir": Null, "name": Null, "routes": Null} }), dns: None, runtime: None, prev_result: None, specific: {"is_gateway": Bool(true), "mac_spoof_check": Null, "vlan_trunk": Null, "cni_version": String("1.0.0"), "hairpin_mode": Null, "is_default_gateway": Null} }, br_name: Some("single0"), is_gw: None, is_default_gw: None, force_address: None, mtu: Some(1500), hairpin_mode: None, promisc_mode: None, vlan: None, vlan_trunk: None, preserve_default_vlan: Some(true), mac_spoof_chk: None, enable_dad: None, disable_container_interface: None, port_isolation: None, args: None, mac: None, vlans: Some([]) }
08:42:49 [ERROR] error: NetnsError: netns not found at path "/proc/98122/ns/net"
08:42:49 [DEBUG] (1) cni_plugin::reply: replying with ErrorReply {
    cni_version: Version {
        major: 1,
        minor: 0,
        patch: 0,
        pre: [],
        build: [],
    },
    code: 118,
    msg: "NetnsError",
    details: "netns not found at path \"/proc/98122/ns/net\"",
}
08:43:22 [DEBUG] (1) libbridge: libbridge (CNI bridge plugin) version 0.1.0
08:43:22 [DEBUG] (1) cni_plugin::cni: CNI plugin built with cni-plugin crate version 0.2.1
08:43:22 [DEBUG] (1) cni_plugin::cni: read env var CNI_PATH = "/opt/cni/bin"
08:43:22 [DEBUG] (1) cni_plugin::cni: reading stdin til EOF...
08:43:22 [DEBUG] (1) cni_plugin::cni: read payload bytes=0
08:43:22 [ERROR] missing input network config
08:43:22 [DEBUG] (1) cni_plugin::reply: replying with ErrorReply {
    cni_version: Version {
        major: 1,
        minor: 0,
        patch: 0,
        pre: [],
        build: [],
    },
    code: 7,
    msg: "Missing payload",
    details: "missing input network config",
}
08:43:22 [DEBUG] (1) libbridge: libbridge (CNI bridge plugin) version 0.1.0
08:43:22 [DEBUG] (1) cni_plugin::cni: CNI plugin built with cni-plugin crate version 0.2.1
08:43:22 [DEBUG] (1) cni_plugin::cni: read env var CNI_PATH = "/opt/cni/bin"
08:43:22 [DEBUG] (1) cni_plugin::cni: reading stdin til EOF...
08:43:22 [DEBUG] (1) cni_plugin::cni: read payload bytes=376
08:43:22 [DEBUG] (1) cni_plugin::cni: read env var CNI_COMMAND = "ADD"
08:43:22 [DEBUG] (1) cni_plugin::cni: read env var CNI_CONTAINERID = "337758"
08:43:22 [DEBUG] (1) cni_plugin::cni: read env var CNI_IFNAME = "vethcni0"
08:43:22 [DEBUG] (1) cni_plugin::cni: read env var CNI_NETNS = "/proc/337758/ns/net"
08:43:22 [INFO] (1) libbridge: libbridge serving spec v1.0.0 for command=Add
08:43:22 [INFO] (1) libbridge: (CNI bridge plugin) version bridge config: BridgeNetConf { net_conf: NetworkConfig { cni_version: Version { major: 1, minor: 0, patch: 0, pre: [], build: [] }, name: "single-net", plugin: "libbridge", args: {}, ip_masq: false, ipam: Some(IpamConfig { plugin: "libipam", specific: {"ranges": Array [Array [Object {"gateway": String("10.10.2.1"), "subnet": String("10.10.0.0/16")}]], "dataDir": Null, "name": Null, "routes": Null, "resolvConf": Null} }), dns: None, runtime: None, prev_result: None, specific: {"vlan_trunk": Null, "is_default_gateway": Null, "is_gateway": Bool(true), "mac_spoof_check": Null, "cni_version": String("1.0.0"), "hairpin_mode": Null} }, br_name: Some("single0"), is_gw: None, is_default_gw: None, force_address: None, mtu: Some(1500), hairpin_mode: None, promisc_mode: None, vlan: None, vlan_trunk: None, preserve_default_vlan: Some(true), mac_spoof_chk: None, enable_dad: None, disable_container_interface: None, port_isolation: None, args: None, mac: None, vlans: Some([]) }
08:43:22 [WARN] Specified IFLA_INET6_CONF NLA attribute holds more(most likely new kernel) data which is unknown to netlink-packet-route crate, expecting 236, got 240
08:43:22 [WARN] Specified IFLA_INET6_ICMP6STATS NLA attribute holds more(most likely new kernel) data which is unknown to netlink-packet-route crate, expecting 48, got 56
08:43:22 [WARN] Specified IFLA_INET6_CONF NLA attribute holds more(most likely new kernel) data which is unknown to netlink-packet-route crate, expecting 236, got 240
08:43:22 [WARN] Specified IFLA_INET6_ICMP6STATS NLA attribute holds more(most likely new kernel) data which is unknown to netlink-packet-route crate, expecting 48, got 56
08:43:22 [WARN] Specified IFLA_INET6_CONF NLA attribute holds more(most likely new kernel) data which is unknown to netlink-packet-route crate, expecting 236, got 240
08:43:22 [WARN] Specified IFLA_INET6_ICMP6STATS NLA attribute holds more(most likely new kernel) data which is unknown to netlink-packet-route crate, expecting 48, got 56
08:43:22 [INFO] (1) libbridge: netns: "NS(4:4026532832)"
08:43:22 [INFO] (1) libbridge: host_ns: "NS(4:4026532683)"
08:43:22 [INFO] (1) libcni::ip::veth: Creating veth pair: container_veth_name=vethcni0, host_veth_name=veth1a10fe57
08:43:22 [WARN] Specified IFLA_INET6_CONF NLA attribute holds more(most likely new kernel) data which is unknown to netlink-packet-route crate, expecting 236, got 240
08:43:22 [WARN] Specified IFLA_INET6_ICMP6STATS NLA attribute holds more(most likely new kernel) data which is unknown to netlink-packet-route crate, expecting 48, got 56
08:43:22 [INFO] (1) libbridge: veth: Veth { interface: Interface { name: "vethcni0", mac: None, ns: Netns { f: File { fd: 18, path: "net:[4026532832]", read: true, write: false }, path: Some("/proc/337758/ns/net") } }, peer_inf: Interface { name: "veth1a10fe57", mac: None, ns: Netns { f: File { fd: 19, path: "net:[4026532683]", read: true, write: false }, path: Some("/proc/337761/task/337761/ns/net") } } }
08:43:22 [WARN] Specified IFLA_INET6_CONF NLA attribute holds more(most likely new kernel) data which is unknown to netlink-packet-route crate, expecting 236, got 240
08:43:22 [WARN] Specified IFLA_INET6_ICMP6STATS NLA attribute holds more(most likely new kernel) data which is unknown to netlink-packet-route crate, expecting 48, got 56
08:43:22 [WARN] Specified IFLA_INET6_CONF NLA attribute holds more(most likely new kernel) data which is unknown to netlink-packet-route crate, expecting 236, got 240
08:43:22 [WARN] Specified IFLA_INET6_ICMP6STATS NLA attribute holds more(most likely new kernel) data which is unknown to netlink-packet-route crate, expecting 48, got 56
08:43:22 [DEBUG] (1) libbridge:  veth :Veth { interface: Interface { name: "vethcni0", mac: None, ns: Netns { f: File { fd: 18, path: "net:[4026532832]", read: true, write: false }, path: Some("/proc/337758/ns/net") } }, peer_inf: Interface { name: "veth1a10fe57", mac: Some(MacAddr(MacAddr6([242, 22, 82, 231, 178, 245]))), ns: Netns { f: File { fd: 19, path: "net:[4026532683]", read: true, write: false }, path: Some("/proc/337761/task/337761/ns/net") } } }
08:43:22 [INFO] (1) cni_plugin::delegation: delegating to plugin at /opt/cni/bin/libipam for command=ADD
08:43:22 [DEBUG] (1) cni_plugin::delegation: spawing child process, async=smol
08:43:22 [DEBUG] (1) cni_plugin::delegation: taking child stdin
08:43:22 [DEBUG] (1) cni_plugin::delegation: copying bytes=349 to stdin
08:43:22 [DEBUG] (1) cni_plugin::delegation: closing stdin
08:43:22 [DEBUG] (1) cni_plugin::delegation: dropping stdin handle
08:43:22 [DEBUG] (1) cni_plugin::delegation: awaiting child
08:43:22 [INFO] (1) cni_plugin::delegation: delegate plugin at /opt/cni/bin/libipam for command=ADD has returned with exit status: 0; stdout bytes=100
08:43:22 [DEBUG] (1) libbridge: ipam_result:IpamSuccessReply { cni_version: Version { major: 1, minor: 0, patch: 0, pre: [], build: [] }, ips: [Ip { address: V4(Ipv4Network { addr: 10.10.0.9, prefix: 16 }), gateway: Some(10.10.2.1), interface: None }], routes: [], dns: Dns { nameservers: [], domain: None, search: [], options: [] }, specific: {} }
08:43:22 [DEBUG] (1) libbridge: bridge_result:SuccessReply { cni_version: Version { major: 1, minor: 0, patch: 0, pre: [], build: [] }, interfaces: [Interface { name: "single0", mac: Some(MacAddr(MacAddr6([226, 202, 157, 84, 169, 60]))), sandbox: "" }, Interface { name: "veth1a10fe57", mac: Some(MacAddr(MacAddr6([242, 22, 82, 231, 178, 245]))), sandbox: "/proc/337761/task/337761/ns/net" }, Interface { name: "vethcni0", mac: None, sandbox: "/proc/337758/ns/net" }], ips: [Ip { address: V4(Ipv4Network { addr: 10.10.0.9, prefix: 16 }), gateway: Some(10.10.2.1), interface: None }], routes: [], dns: Dns { nameservers: [], domain: None, search: [], options: [] }, specific: {} }
08:43:22 [INFO] (1) libbridge: gateway_infos: []
08:43:22 [INFO] (1) libbridge: bridge_result: SuccessReply { cni_version: Version { major: 1, minor: 0, patch: 0, pre: [], build: [] }, interfaces: [Interface { name: "single0", mac: Some(MacAddr(MacAddr6([226, 202, 157, 84, 169, 60]))), sandbox: "" }, Interface { name: "veth1a10fe57", mac: Some(MacAddr(MacAddr6([242, 22, 82, 231, 178, 245]))), sandbox: "/proc/337761/task/337761/ns/net" }, Interface { name: "vethcni0", mac: None, sandbox: "/proc/337758/ns/net" }], ips: [Ip { address: V4(Ipv4Network { addr: 10.10.0.9, prefix: 16 }), gateway: Some(10.10.2.1), interface: Some(2) }], routes: [], dns: Dns { nameservers: [], domain: None, search: [], options: [] }, specific: {} }
08:43:22 [WARN] Specified IFLA_INET6_CONF NLA attribute holds more(most likely new kernel) data which is unknown to netlink-packet-route crate, expecting 236, got 240
08:43:22 [WARN] Specified IFLA_INET6_ICMP6STATS NLA attribute holds more(most likely new kernel) data which is unknown to netlink-packet-route crate, expecting 48, got 56
08:43:22 [DEBUG] (1) libcni::ip::ipam: ips:[Ip { address: V4(Ipv4Network { addr: 10.10.0.9, prefix: 16 }), gateway: Some(10.10.2.1), interface: Some(2) }]
08:43:22 [DEBUG] (1) libcni::ip::ipam: add ip:[Ip { address: V4(Ipv4Network { addr: 10.10.0.9, prefix: 16 }), gateway: Some(10.10.2.1), interface: Some(2) }] to:"vethcni0"
08:43:22 [DEBUG] (1) libcni::ip::addr: container ip add :10.10.0.9
08:43:22 [DEBUG] (1) libcni::ip::addr: container ip add success
08:43:22 [WARN] Specified IFLA_INET6_CONF NLA attribute holds more(most likely new kernel) data which is unknown to netlink-packet-route crate, expecting 236, got 240
08:43:22 [WARN] Specified IFLA_INET6_ICMP6STATS NLA attribute holds more(most likely new kernel) data which is unknown to netlink-packet-route crate, expecting 48, got 56
08:43:22 [WARN] Specified IFLA_INET6_CONF NLA attribute holds more(most likely new kernel) data which is unknown to netlink-packet-route crate, expecting 236, got 240
08:43:22 [WARN] Specified IFLA_INET6_ICMP6STATS NLA attribute holds more(most likely new kernel) data which is unknown to netlink-packet-route crate, expecting 48, got 56
08:43:22 [WARN] Specified IFLA_INET6_CONF NLA attribute holds more(most likely new kernel) data which is unknown to netlink-packet-route crate, expecting 236, got 240
08:43:22 [WARN] Specified IFLA_INET6_ICMP6STATS NLA attribute holds more(most likely new kernel) data which is unknown to netlink-packet-route crate, expecting 48, got 56
08:43:22 [WARN] Specified IFLA_INET6_CONF NLA attribute holds more(most likely new kernel) data which is unknown to netlink-packet-route crate, expecting 236, got 240
08:43:22 [WARN] Specified IFLA_INET6_ICMP6STATS NLA attribute holds more(most likely new kernel) data which is unknown to netlink-packet-route crate, expecting 48, got 56
08:43:22 [WARN] Specified IFLA_INET6_CONF NLA attribute holds more(most likely new kernel) data which is unknown to netlink-packet-route crate, expecting 236, got 240
08:43:22 [WARN] Specified IFLA_INET6_ICMP6STATS NLA attribute holds more(most likely new kernel) data which is unknown to netlink-packet-route crate, expecting 48, got 56
08:43:22 [WARN] Specified IFLA_INET6_CONF NLA attribute holds more(most likely new kernel) data which is unknown to netlink-packet-route crate, expecting 236, got 240
08:43:22 [WARN] Specified IFLA_INET6_ICMP6STATS NLA attribute holds more(most likely new kernel) data which is unknown to netlink-packet-route crate, expecting 48, got 56
08:43:22 [INFO] (1) libnetwork::ip: all_ifaces: [Interface { index: 1, mtu: Some(65536), name: "lo", hardware_addr: Some(V6(MacAddr6([0, 0, 0, 0, 0, 0]))), flags: Flags(UP | POINT_TO_POINT) }, Interface { index: 2, mtu: Some(1480), name: "tunl0", hardware_addr: None, flags: Flags(0x0) }, Interface { index: 3, mtu: Some(1480), name: "sit0", hardware_addr: None, flags: Flags(0x0) }, Interface { index: 4, mtu: Some(1452), name: "ip6tnl0", hardware_addr: None, flags: Flags(0x0) }, Interface { index: 5, mtu: Some(1500), name: "eth0", hardware_addr: Some(V6(MacAddr6([178, 210, 81, 3, 27, 185]))), flags: Flags(UP | BROADCAST) }, Interface { index: 6, mtu: Some(1500), name: "single0", hardware_addr: Some(V6(MacAddr6([226, 202, 157, 84, 169, 60]))), flags: Flags(UP | BROADCAST) }, Interface { index: 9, mtu: Some(1500), name: "veth1a10fe57", hardware_addr: Some(V6(MacAddr6([242, 22, 82, 231, 178, 245]))), flags: Flags(UP | BROADCAST) }]
08:43:22 [WARN] Specified IFLA_INET6_CONF NLA attribute holds more(most likely new kernel) data which is unknown to netlink-packet-route crate, expecting 236, got 240
08:43:22 [WARN] Specified IFLA_INET6_ICMP6STATS NLA attribute holds more(most likely new kernel) data which is unknown to netlink-packet-route crate, expecting 48, got 56
08:43:22 [WARN] Specified IFLA_INET6_CONF NLA attribute holds more(most likely new kernel) data which is unknown to netlink-packet-route crate, expecting 236, got 240
08:43:22 [WARN] Specified IFLA_INET6_ICMP6STATS NLA attribute holds more(most likely new kernel) data which is unknown to netlink-packet-route crate, expecting 48, got 56
08:43:22 [WARN] Specified IFLA_INET6_CONF NLA attribute holds more(most likely new kernel) data which is unknown to netlink-packet-route crate, expecting 236, got 240
08:43:22 [WARN] Specified IFLA_INET6_ICMP6STATS NLA attribute holds more(most likely new kernel) data which is unknown to netlink-packet-route crate, expecting 48, got 56
08:43:22 [WARN] Specified IFLA_INET6_CONF NLA attribute holds more(most likely new kernel) data which is unknown to netlink-packet-route crate, expecting 236, got 240
08:43:22 [WARN] Specified IFLA_INET6_ICMP6STATS NLA attribute holds more(most likely new kernel) data which is unknown to netlink-packet-route crate, expecting 48, got 56
08:43:22 [WARN] Specified IFLA_INET6_CONF NLA attribute holds more(most likely new kernel) data which is unknown to netlink-packet-route crate, expecting 236, got 240
08:43:22 [WARN] Specified IFLA_INET6_ICMP6STATS NLA attribute holds more(most likely new kernel) data which is unknown to netlink-packet-route crate, expecting 48, got 56
08:43:22 [WARN] Specified IFLA_INET6_CONF NLA attribute holds more(most likely new kernel) data which is unknown to netlink-packet-route crate, expecting 236, got 240
08:43:22 [WARN] Specified IFLA_INET6_ICMP6STATS NLA attribute holds more(most likely new kernel) data which is unknown to netlink-packet-route crate, expecting 48, got 56
08:43:22 [DEBUG] (1) libbridge: success! SuccessReply {
    cni_version: Version {
        major: 1,
        minor: 0,
        patch: 0,
        pre: [],
        build: [],
    },
    interfaces: [
        Interface {
            name: "single0",
            mac: Some(
                MacAddr(
                    MacAddr6(
                        [
                            226,
                            202,
                            157,
                            84,
                            169,
                            60,
                        ],
                    ),
                ),
            ),
            sandbox: "",
        },
        Interface {
            name: "veth1a10fe57",
            mac: Some(
                MacAddr(
                    MacAddr6(
                        [
                            242,
                            22,
                            82,
                            231,
                            178,
                            245,
                        ],
                    ),
                ),
            ),
            sandbox: "/proc/337761/task/337761/ns/net",
        },
        Interface {
            name: "vethcni0",
            mac: None,
            sandbox: "/proc/337758/ns/net",
        },
    ],
    ips: [
        Ip {
            address: V4(
                Ipv4Network {
                    addr: 10.10.0.9,
                    prefix: 16,
                },
            ),
            gateway: Some(
                10.10.2.1,
            ),
            interface: Some(
                2,
            ),
        },
    ],
    routes: [],
    dns: Dns {
        nameservers: [],
        domain: None,
        search: [],
        options: [],
    },
    specific: {},
}
08:43:22 [DEBUG] (1) cni_plugin::reply: replying with SuccessReply {
    cni_version: Version {
        major: 1,
        minor: 0,
        patch: 0,
        pre: [],
        build: [],
    },
    interfaces: [
        Interface {
            name: "single0",
            mac: Some(
                MacAddr(
                    MacAddr6(
                        [
                            226,
                            202,
                            157,
                            84,
                            169,
                            60,
                        ],
                    ),
                ),
            ),
            sandbox: "",
        },
        Interface {
            name: "veth1a10fe57",
            mac: Some(
                MacAddr(
                    MacAddr6(
                        [
                            242,
                            22,
                            82,
                            231,
                            178,
                            245,
                        ],
                    ),
                ),
            ),
            sandbox: "/proc/337761/task/337761/ns/net",
        },
        Interface {
            name: "vethcni0",
            mac: None,
            sandbox: "/proc/337758/ns/net",
        },
    ],
    ips: [
        Ip {
            address: V4(
                Ipv4Network {
                    addr: 10.10.0.9,
                    prefix: 16,
                },
            ),
            gateway: Some(
                10.10.2.1,
            ),
            interface: Some(
                2,
            ),
        },
    ],
    routes: [],
    dns: Dns {
        nameservers: [],
        domain: None,
        search: [],
        options: [],
    },
    specific: {},
}
08:53:38 [DEBUG] (1) libbridge: libbridge (CNI bridge plugin) version 0.1.0
08:53:38 [DEBUG] (1) cni_plugin::cni: CNI plugin built with cni-plugin crate version 0.2.1
08:53:38 [DEBUG] (1) cni_plugin::cni: read env var CNI_PATH = "/opt/cni/bin"
08:53:38 [DEBUG] (1) cni_plugin::cni: reading stdin til EOF...
08:53:38 [DEBUG] (1) cni_plugin::cni: read payload bytes=376
08:53:38 [DEBUG] (1) cni_plugin::cni: read env var CNI_COMMAND = "DEL"
08:53:38 [DEBUG] (1) cni_plugin::cni: read env var CNI_CONTAINERID = "337770"
08:53:38 [DEBUG] (1) cni_plugin::cni: read env var CNI_IFNAME = "vethcni0"
08:53:38 [DEBUG] (1) cni_plugin::cni: read env var CNI_NETNS = "/proc/337770/ns/net"
08:53:38 [INFO] (1) libbridge: libbridge serving spec v1.0.0 for command=Del
08:53:38 [INFO] (1) libbridge: (CNI bridge plugin) version bridge config: BridgeNetConf { net_conf: NetworkConfig { cni_version: Version { major: 1, minor: 0, patch: 0, pre: [], build: [] }, name: "single-net", plugin: "libbridge", args: {}, ip_masq: false, ipam: Some(IpamConfig { plugin: "libipam", specific: {"dataDir": Null, "resolvConf": Null, "routes": Null, "ranges": Array [Array [Object {"gateway": String("10.10.2.1"), "subnet": String("10.10.0.0/16")}]], "name": Null} }), dns: None, runtime: None, prev_result: None, specific: {"hairpin_mode": Null, "is_default_gateway": Null, "cni_version": String("1.0.0"), "vlan_trunk": Null, "is_gateway": Bool(true), "mac_spoof_check": Null} }, br_name: Some("single0"), is_gw: None, is_default_gw: None, force_address: None, mtu: Some(1500), hairpin_mode: None, promisc_mode: None, vlan: None, vlan_trunk: None, preserve_default_vlan: Some(true), mac_spoof_chk: None, enable_dad: None, disable_container_interface: None, port_isolation: None, args: None, mac: None, vlans: Some([]) }
08:53:38 [WARN] Specified IFLA_INET6_CONF NLA attribute holds more(most likely new kernel) data which is unknown to netlink-packet-route crate, expecting 236, got 240
08:53:38 [WARN] Specified IFLA_INET6_ICMP6STATS NLA attribute holds more(most likely new kernel) data which is unknown to netlink-packet-route crate, expecting 48, got 56
08:53:38 [INFO] (1) cni_plugin::delegation: delegating to plugin at /opt/cni/bin/libipam for command=DEL
08:53:38 [DEBUG] (1) cni_plugin::delegation: spawing child process, async=smol
08:53:38 [DEBUG] (1) cni_plugin::delegation: taking child stdin
08:53:38 [DEBUG] (1) cni_plugin::delegation: copying bytes=349 to stdin
08:53:38 [DEBUG] (1) cni_plugin::delegation: closing stdin
08:53:38 [DEBUG] (1) cni_plugin::delegation: dropping stdin handle
08:53:38 [DEBUG] (1) cni_plugin::delegation: awaiting child
08:53:38 [INFO] (1) cni_plugin::delegation: delegate plugin at /opt/cni/bin/libipam for command=DEL has returned with exit status: 0; stdout bytes=52
08:53:38 [DEBUG] (1) libbridge: success! SuccessReply {
    cni_version: Version {
        major: 1,
        minor: 0,
        patch: 0,
        pre: [],
        build: [],
    },
    interfaces: [],
    ips: [],
    routes: [],
    dns: Dns {
        nameservers: [],
        domain: None,
        search: [],
        options: [],
    },
    specific: {},
}
08:53:38 [DEBUG] (1) cni_plugin::reply: replying with SuccessReply {
    cni_version: Version {
        major: 1,
        minor: 0,
        patch: 0,
        pre: [],
        build: [],
    },
    interfaces: [],
    ips: [],
    routes: [],
    dns: Dns {
        nameservers: [],
        domain: None,
        search: [],
        options: [],
    },
    specific: {},
}
08:53:40 [DEBUG] (1) libbridge: libbridge (CNI bridge plugin) version 0.1.0
08:53:40 [DEBUG] (1) cni_plugin::cni: CNI plugin built with cni-plugin crate version 0.2.1
08:53:40 [DEBUG] (1) cni_plugin::cni: read env var CNI_PATH = "/opt/cni/bin"
08:53:40 [DEBUG] (1) cni_plugin::cni: reading stdin til EOF...
08:53:40 [DEBUG] (1) cni_plugin::cni: read payload bytes=376
08:53:40 [DEBUG] (1) cni_plugin::cni: read env var CNI_COMMAND = "DEL"
08:53:40 [DEBUG] (1) cni_plugin::cni: read env var CNI_CONTAINERID = "337758"
08:53:40 [DEBUG] (1) cni_plugin::cni: read env var CNI_IFNAME = "vethcni0"
08:53:40 [DEBUG] (1) cni_plugin::cni: read env var CNI_NETNS = "/proc/337758/ns/net"
08:53:40 [INFO] (1) libbridge: libbridge serving spec v1.0.0 for command=Del
08:53:40 [INFO] (1) libbridge: (CNI bridge plugin) version bridge config: BridgeNetConf { net_conf: NetworkConfig { cni_version: Version { major: 1, minor: 0, patch: 0, pre: [], build: [] }, name: "single-net", plugin: "libbridge", args: {}, ip_masq: false, ipam: Some(IpamConfig { plugin: "libipam", specific: {"dataDir": Null, "routes": Null, "ranges": Array [Array [Object {"gateway": String("10.10.2.1"), "subnet": String("10.10.0.0/16")}]], "name": Null, "resolvConf": Null} }), dns: None, runtime: None, prev_result: None, specific: {"is_default_gateway": Null, "hairpin_mode": Null, "is_gateway": Bool(true), "cni_version": String("1.0.0"), "mac_spoof_check": Null, "vlan_trunk": Null} }, br_name: Some("single0"), is_gw: None, is_default_gw: None, force_address: None, mtu: Some(1500), hairpin_mode: None, promisc_mode: None, vlan: None, vlan_trunk: None, preserve_default_vlan: Some(true), mac_spoof_chk: None, enable_dad: None, disable_container_interface: None, port_isolation: None, args: None, mac: None, vlans: Some([]) }
08:53:40 [ERROR] error: Received a netlink error message No such device (os error 19)
08:53:40 [DEBUG] (1) cni_plugin::reply: replying with ErrorReply {
    cni_version: Version {
        major: 1,
        minor: 0,
        patch: 0,
        pre: [],
        build: [],
    },
    code: 122,
    msg: "Unknown error",
    details: "Received a netlink error message No such device (os error 19)",
}
08:54:08 [DEBUG] (1) libbridge: libbridge (CNI bridge plugin) version 0.1.0
08:54:08 [DEBUG] (1) cni_plugin::cni: CNI plugin built with cni-plugin crate version 0.2.1
08:54:08 [DEBUG] (1) cni_plugin::cni: read env var CNI_PATH = "/opt/cni/bin"
08:54:08 [DEBUG] (1) cni_plugin::cni: reading stdin til EOF...
08:54:08 [DEBUG] (1) cni_plugin::cni: read payload bytes=0
08:54:08 [ERROR] missing input network config
08:54:08 [DEBUG] (1) cni_plugin::reply: replying with ErrorReply {
    cni_version: Version {
        major: 1,
        minor: 0,
        patch: 0,
        pre: [],
        build: [],
    },
    code: 7,
    msg: "Missing payload",
    details: "missing input network config",
}
08:54:08 [DEBUG] (1) libbridge: libbridge (CNI bridge plugin) version 0.1.0
08:54:08 [DEBUG] (1) cni_plugin::cni: CNI plugin built with cni-plugin crate version 0.2.1
08:54:08 [DEBUG] (1) cni_plugin::cni: read env var CNI_PATH = "/opt/cni/bin"
08:54:08 [DEBUG] (1) cni_plugin::cni: reading stdin til EOF...
08:54:08 [DEBUG] (1) cni_plugin::cni: read payload bytes=376
08:54:08 [DEBUG] (1) cni_plugin::cni: read env var CNI_COMMAND = "ADD"
08:54:08 [DEBUG] (1) cni_plugin::cni: read env var CNI_CONTAINERID = "517199"
08:54:08 [DEBUG] (1) cni_plugin::cni: read env var CNI_IFNAME = "vethcni0"
08:54:08 [DEBUG] (1) cni_plugin::cni: read env var CNI_NETNS = "/proc/517199/ns/net"
08:54:08 [INFO] (1) libbridge: libbridge serving spec v1.0.0 for command=Add
08:54:08 [INFO] (1) libbridge: (CNI bridge plugin) version bridge config: BridgeNetConf { net_conf: NetworkConfig { cni_version: Version { major: 1, minor: 0, patch: 0, pre: [], build: [] }, name: "single-net", plugin: "libbridge", args: {}, ip_masq: false, ipam: Some(IpamConfig { plugin: "libipam", specific: {"ranges": Array [Array [Object {"gateway": String("10.10.2.1"), "subnet": String("10.10.0.0/16")}]], "name": Null, "resolvConf": Null, "dataDir": Null, "routes": Null} }), dns: None, runtime: None, prev_result: None, specific: {"hairpin_mode": Null, "cni_version": String("1.0.0"), "is_gateway": Bool(true), "vlan_trunk": Null, "is_default_gateway": Null, "mac_spoof_check": Null} }, br_name: Some("single0"), is_gw: None, is_default_gw: None, force_address: None, mtu: Some(1500), hairpin_mode: None, promisc_mode: None, vlan: None, vlan_trunk: None, preserve_default_vlan: Some(true), mac_spoof_chk: None, enable_dad: None, disable_container_interface: None, port_isolation: None, args: None, mac: None, vlans: Some([]) }
08:54:08 [WARN] Specified IFLA_INET6_CONF NLA attribute holds more(most likely new kernel) data which is unknown to netlink-packet-route crate, expecting 236, got 240
08:54:08 [WARN] Specified IFLA_INET6_ICMP6STATS NLA attribute holds more(most likely new kernel) data which is unknown to netlink-packet-route crate, expecting 48, got 56
08:54:08 [WARN] Specified IFLA_INET6_CONF NLA attribute holds more(most likely new kernel) data which is unknown to netlink-packet-route crate, expecting 236, got 240
08:54:08 [WARN] Specified IFLA_INET6_ICMP6STATS NLA attribute holds more(most likely new kernel) data which is unknown to netlink-packet-route crate, expecting 48, got 56
08:54:08 [WARN] Specified IFLA_INET6_CONF NLA attribute holds more(most likely new kernel) data which is unknown to netlink-packet-route crate, expecting 236, got 240
08:54:08 [WARN] Specified IFLA_INET6_ICMP6STATS NLA attribute holds more(most likely new kernel) data which is unknown to netlink-packet-route crate, expecting 48, got 56
08:54:08 [INFO] (1) libbridge: netns: "NS(4:4026532832)"
08:54:08 [INFO] (1) libbridge: host_ns: "NS(4:4026532683)"
08:54:08 [INFO] (1) libcni::ip::veth: Creating veth pair: container_veth_name=vethcni0, host_veth_name=veth53553439
08:54:08 [WARN] Specified IFLA_INET6_CONF NLA attribute holds more(most likely new kernel) data which is unknown to netlink-packet-route crate, expecting 236, got 240
08:54:08 [WARN] Specified IFLA_INET6_ICMP6STATS NLA attribute holds more(most likely new kernel) data which is unknown to netlink-packet-route crate, expecting 48, got 56
08:54:08 [INFO] (1) libbridge: veth: Veth { interface: Interface { name: "vethcni0", mac: None, ns: Netns { f: File { fd: 18, path: "net:[4026532832]", read: true, write: false }, path: Some("/proc/517199/ns/net") } }, peer_inf: Interface { name: "veth53553439", mac: None, ns: Netns { f: File { fd: 19, path: "net:[4026532683]", read: true, write: false }, path: Some("/proc/517267/task/517267/ns/net") } } }
08:54:08 [WARN] Specified IFLA_INET6_CONF NLA attribute holds more(most likely new kernel) data which is unknown to netlink-packet-route crate, expecting 236, got 240
08:54:08 [WARN] Specified IFLA_INET6_ICMP6STATS NLA attribute holds more(most likely new kernel) data which is unknown to netlink-packet-route crate, expecting 48, got 56
08:54:08 [WARN] Specified IFLA_INET6_CONF NLA attribute holds more(most likely new kernel) data which is unknown to netlink-packet-route crate, expecting 236, got 240
08:54:08 [WARN] Specified IFLA_INET6_ICMP6STATS NLA attribute holds more(most likely new kernel) data which is unknown to netlink-packet-route crate, expecting 48, got 56
08:54:08 [DEBUG] (1) libbridge:  veth :Veth { interface: Interface { name: "vethcni0", mac: None, ns: Netns { f: File { fd: 18, path: "net:[4026532832]", read: true, write: false }, path: Some("/proc/517199/ns/net") } }, peer_inf: Interface { name: "veth53553439", mac: Some(MacAddr(MacAddr6([202, 92, 188, 41, 229, 216]))), ns: Netns { f: File { fd: 19, path: "net:[4026532683]", read: true, write: false }, path: Some("/proc/517267/task/517267/ns/net") } } }
08:54:08 [INFO] (1) cni_plugin::delegation: delegating to plugin at /opt/cni/bin/libipam for command=ADD
08:54:08 [DEBUG] (1) cni_plugin::delegation: spawing child process, async=smol
08:54:08 [DEBUG] (1) cni_plugin::delegation: taking child stdin
08:54:08 [DEBUG] (1) cni_plugin::delegation: copying bytes=349 to stdin
08:54:08 [DEBUG] (1) cni_plugin::delegation: closing stdin
08:54:08 [DEBUG] (1) cni_plugin::delegation: dropping stdin handle
08:54:08 [DEBUG] (1) cni_plugin::delegation: awaiting child
08:54:08 [INFO] (1) cni_plugin::delegation: delegate plugin at /opt/cni/bin/libipam for command=ADD has returned with exit status: 0; stdout bytes=101
08:54:08 [DEBUG] (1) libbridge: ipam_result:IpamSuccessReply { cni_version: Version { major: 1, minor: 0, patch: 0, pre: [], build: [] }, ips: [Ip { address: V4(Ipv4Network { addr: 10.10.0.10, prefix: 16 }), gateway: Some(10.10.2.1), interface: None }], routes: [], dns: Dns { nameservers: [], domain: None, search: [], options: [] }, specific: {} }
08:54:08 [DEBUG] (1) libbridge: bridge_result:SuccessReply { cni_version: Version { major: 1, minor: 0, patch: 0, pre: [], build: [] }, interfaces: [Interface { name: "single0", mac: Some(MacAddr(MacAddr6([226, 202, 157, 84, 169, 60]))), sandbox: "" }, Interface { name: "veth53553439", mac: Some(MacAddr(MacAddr6([202, 92, 188, 41, 229, 216]))), sandbox: "/proc/517267/task/517267/ns/net" }, Interface { name: "vethcni0", mac: None, sandbox: "/proc/517199/ns/net" }], ips: [Ip { address: V4(Ipv4Network { addr: 10.10.0.10, prefix: 16 }), gateway: Some(10.10.2.1), interface: None }], routes: [], dns: Dns { nameservers: [], domain: None, search: [], options: [] }, specific: {} }
08:54:08 [INFO] (1) libbridge: gateway_infos: []
08:54:08 [INFO] (1) libbridge: bridge_result: SuccessReply { cni_version: Version { major: 1, minor: 0, patch: 0, pre: [], build: [] }, interfaces: [Interface { name: "single0", mac: Some(MacAddr(MacAddr6([226, 202, 157, 84, 169, 60]))), sandbox: "" }, Interface { name: "veth53553439", mac: Some(MacAddr(MacAddr6([202, 92, 188, 41, 229, 216]))), sandbox: "/proc/517267/task/517267/ns/net" }, Interface { name: "vethcni0", mac: None, sandbox: "/proc/517199/ns/net" }], ips: [Ip { address: V4(Ipv4Network { addr: 10.10.0.10, prefix: 16 }), gateway: Some(10.10.2.1), interface: Some(2) }], routes: [], dns: Dns { nameservers: [], domain: None, search: [], options: [] }, specific: {} }
08:54:08 [WARN] Specified IFLA_INET6_CONF NLA attribute holds more(most likely new kernel) data which is unknown to netlink-packet-route crate, expecting 236, got 240
08:54:08 [WARN] Specified IFLA_INET6_ICMP6STATS NLA attribute holds more(most likely new kernel) data which is unknown to netlink-packet-route crate, expecting 48, got 56
08:54:08 [DEBUG] (1) libcni::ip::ipam: ips:[Ip { address: V4(Ipv4Network { addr: 10.10.0.10, prefix: 16 }), gateway: Some(10.10.2.1), interface: Some(2) }]
08:54:08 [DEBUG] (1) libcni::ip::ipam: add ip:[Ip { address: V4(Ipv4Network { addr: 10.10.0.10, prefix: 16 }), gateway: Some(10.10.2.1), interface: Some(2) }] to:"vethcni0"
08:54:08 [DEBUG] (1) libcni::ip::addr: container ip add :10.10.0.10
08:54:08 [DEBUG] (1) libcni::ip::addr: container ip add success
08:54:08 [WARN] Specified IFLA_INET6_CONF NLA attribute holds more(most likely new kernel) data which is unknown to netlink-packet-route crate, expecting 236, got 240
08:54:08 [WARN] Specified IFLA_INET6_ICMP6STATS NLA attribute holds more(most likely new kernel) data which is unknown to netlink-packet-route crate, expecting 48, got 56
08:54:08 [WARN] Specified IFLA_INET6_CONF NLA attribute holds more(most likely new kernel) data which is unknown to netlink-packet-route crate, expecting 236, got 240
08:54:08 [WARN] Specified IFLA_INET6_ICMP6STATS NLA attribute holds more(most likely new kernel) data which is unknown to netlink-packet-route crate, expecting 48, got 56
08:54:08 [WARN] Specified IFLA_INET6_CONF NLA attribute holds more(most likely new kernel) data which is unknown to netlink-packet-route crate, expecting 236, got 240
08:54:08 [WARN] Specified IFLA_INET6_ICMP6STATS NLA attribute holds more(most likely new kernel) data which is unknown to netlink-packet-route crate, expecting 48, got 56
08:54:08 [WARN] Specified IFLA_INET6_CONF NLA attribute holds more(most likely new kernel) data which is unknown to netlink-packet-route crate, expecting 236, got 240
08:54:08 [WARN] Specified IFLA_INET6_ICMP6STATS NLA attribute holds more(most likely new kernel) data which is unknown to netlink-packet-route crate, expecting 48, got 56
08:54:08 [WARN] Specified IFLA_INET6_CONF NLA attribute holds more(most likely new kernel) data which is unknown to netlink-packet-route crate, expecting 236, got 240
08:54:08 [WARN] Specified IFLA_INET6_ICMP6STATS NLA attribute holds more(most likely new kernel) data which is unknown to netlink-packet-route crate, expecting 48, got 56
08:54:08 [WARN] Specified IFLA_INET6_CONF NLA attribute holds more(most likely new kernel) data which is unknown to netlink-packet-route crate, expecting 236, got 240
08:54:08 [WARN] Specified IFLA_INET6_ICMP6STATS NLA attribute holds more(most likely new kernel) data which is unknown to netlink-packet-route crate, expecting 48, got 56
08:54:08 [INFO] (1) libnetwork::ip: all_ifaces: [Interface { index: 1, mtu: Some(65536), name: "lo", hardware_addr: Some(V6(MacAddr6([0, 0, 0, 0, 0, 0]))), flags: Flags(UP | POINT_TO_POINT) }, Interface { index: 2, mtu: Some(1480), name: "tunl0", hardware_addr: None, flags: Flags(0x0) }, Interface { index: 3, mtu: Some(1480), name: "sit0", hardware_addr: None, flags: Flags(0x0) }, Interface { index: 4, mtu: Some(1452), name: "ip6tnl0", hardware_addr: None, flags: Flags(0x0) }, Interface { index: 5, mtu: Some(1500), name: "eth0", hardware_addr: Some(V6(MacAddr6([178, 210, 81, 3, 27, 185]))), flags: Flags(UP | BROADCAST) }, Interface { index: 6, mtu: Some(1500), name: "single0", hardware_addr: Some(V6(MacAddr6([226, 202, 157, 84, 169, 60]))), flags: Flags(UP | BROADCAST) }, Interface { index: 10, mtu: Some(1500), name: "veth53553439", hardware_addr: Some(V6(MacAddr6([202, 92, 188, 41, 229, 216]))), flags: Flags(UP | BROADCAST) }]
08:54:08 [WARN] Specified IFLA_INET6_CONF NLA attribute holds more(most likely new kernel) data which is unknown to netlink-packet-route crate, expecting 236, got 240
08:54:08 [WARN] Specified IFLA_INET6_ICMP6STATS NLA attribute holds more(most likely new kernel) data which is unknown to netlink-packet-route crate, expecting 48, got 56
08:54:08 [WARN] Specified IFLA_INET6_CONF NLA attribute holds more(most likely new kernel) data which is unknown to netlink-packet-route crate, expecting 236, got 240
08:54:08 [WARN] Specified IFLA_INET6_ICMP6STATS NLA attribute holds more(most likely new kernel) data which is unknown to netlink-packet-route crate, expecting 48, got 56
08:54:08 [WARN] Specified IFLA_INET6_CONF NLA attribute holds more(most likely new kernel) data which is unknown to netlink-packet-route crate, expecting 236, got 240
08:54:08 [WARN] Specified IFLA_INET6_ICMP6STATS NLA attribute holds more(most likely new kernel) data which is unknown to netlink-packet-route crate, expecting 48, got 56
08:54:08 [WARN] Specified IFLA_INET6_CONF NLA attribute holds more(most likely new kernel) data which is unknown to netlink-packet-route crate, expecting 236, got 240
08:54:08 [WARN] Specified IFLA_INET6_ICMP6STATS NLA attribute holds more(most likely new kernel) data which is unknown to netlink-packet-route crate, expecting 48, got 56
08:54:08 [WARN] Specified IFLA_INET6_CONF NLA attribute holds more(most likely new kernel) data which is unknown to netlink-packet-route crate, expecting 236, got 240
08:54:08 [WARN] Specified IFLA_INET6_ICMP6STATS NLA attribute holds more(most likely new kernel) data which is unknown to netlink-packet-route crate, expecting 48, got 56
08:54:08 [WARN] Specified IFLA_INET6_CONF NLA attribute holds more(most likely new kernel) data which is unknown to netlink-packet-route crate, expecting 236, got 240
08:54:08 [WARN] Specified IFLA_INET6_ICMP6STATS NLA attribute holds more(most likely new kernel) data which is unknown to netlink-packet-route crate, expecting 48, got 56
08:54:08 [DEBUG] (1) libbridge: success! SuccessReply {
    cni_version: Version {
        major: 1,
        minor: 0,
        patch: 0,
        pre: [],
        build: [],
    },
    interfaces: [
        Interface {
            name: "single0",
            mac: Some(
                MacAddr(
                    MacAddr6(
                        [
                            226,
                            202,
                            157,
                            84,
                            169,
                            60,
                        ],
                    ),
                ),
            ),
            sandbox: "",
        },
        Interface {
            name: "veth53553439",
            mac: Some(
                MacAddr(
                    MacAddr6(
                        [
                            202,
                            92,
                            188,
                            41,
                            229,
                            216,
                        ],
                    ),
                ),
            ),
            sandbox: "/proc/517267/task/517267/ns/net",
        },
        Interface {
            name: "vethcni0",
            mac: None,
            sandbox: "/proc/517199/ns/net",
        },
    ],
    ips: [
        Ip {
            address: V4(
                Ipv4Network {
                    addr: 10.10.0.10,
                    prefix: 16,
                },
            ),
            gateway: Some(
                10.10.2.1,
            ),
            interface: Some(
                2,
            ),
        },
    ],
    routes: [],
    dns: Dns {
        nameservers: [],
        domain: None,
        search: [],
        options: [],
    },
    specific: {},
}
08:54:08 [DEBUG] (1) cni_plugin::reply: replying with SuccessReply {
    cni_version: Version {
        major: 1,
        minor: 0,
        patch: 0,
        pre: [],
        build: [],
    },
    interfaces: [
        Interface {
            name: "single0",
            mac: Some(
                MacAddr(
                    MacAddr6(
                        [
                            226,
                            202,
                            157,
                            84,
                            169,
                            60,
                        ],
                    ),
                ),
            ),
            sandbox: "",
        },
        Interface {
            name: "veth53553439",
            mac: Some(
                MacAddr(
                    MacAddr6(
                        [
                            202,
                            92,
                            188,
                            41,
                            229,
                            216,
                        ],
                    ),
                ),
            ),
            sandbox: "/proc/517267/task/517267/ns/net",
        },
        Interface {
            name: "vethcni0",
            mac: None,
            sandbox: "/proc/517199/ns/net",
        },
    ],
    ips: [
        Ip {
            address: V4(
                Ipv4Network {
                    addr: 10.10.0.10,
                    prefix: 16,
                },
            ),
            gateway: Some(
                10.10.2.1,
            ),
            interface: Some(
                2,
            ),
        },
    ],
    routes: [],
    dns: Dns {
        nameservers: [],
        domain: None,
        search: [],
        options: [],
    },
    specific: {},
}
09:20:22 [DEBUG] (1) libbridge: libbridge (CNI bridge plugin) version 0.1.0
09:20:22 [DEBUG] (1) cni_plugin::cni: CNI plugin built with cni-plugin crate version 0.2.1
09:20:22 [DEBUG] (1) cni_plugin::cni: read env var CNI_PATH = "/opt/cni/bin"
09:20:22 [DEBUG] (1) cni_plugin::cni: reading stdin til EOF...
09:20:22 [DEBUG] (1) cni_plugin::cni: read payload bytes=376
09:20:22 [DEBUG] (1) cni_plugin::cni: read env var CNI_COMMAND = "DEL"
09:20:22 [DEBUG] (1) cni_plugin::cni: read env var CNI_CONTAINERID = "517199"
09:20:22 [DEBUG] (1) cni_plugin::cni: read env var CNI_IFNAME = "vethcni0"
09:20:22 [DEBUG] (1) cni_plugin::cni: read env var CNI_NETNS = "/proc/517199/ns/net"
09:20:22 [INFO] (1) libbridge: libbridge serving spec v1.0.0 for command=Del
09:20:22 [INFO] (1) libbridge: (CNI bridge plugin) version bridge config: BridgeNetConf { net_conf: NetworkConfig { cni_version: Version { major: 1, minor: 0, patch: 0, pre: [], build: [] }, name: "single-net", plugin: "libbridge", args: {}, ip_masq: false, ipam: Some(IpamConfig { plugin: "libipam", specific: {"dataDir": Null, "name": Null, "ranges": Array [Array [Object {"gateway": String("10.10.2.1"), "subnet": String("10.10.0.0/16")}]], "routes": Null, "resolvConf": Null} }), dns: None, runtime: None, prev_result: None, specific: {"is_gateway": Bool(true), "mac_spoof_check": Null, "hairpin_mode": Null, "cni_version": String("1.0.0"), "vlan_trunk": Null, "is_default_gateway": Null} }, br_name: Some("single0"), is_gw: None, is_default_gw: None, force_address: None, mtu: Some(1500), hairpin_mode: None, promisc_mode: None, vlan: None, vlan_trunk: None, preserve_default_vlan: Some(true), mac_spoof_chk: None, enable_dad: None, disable_container_interface: None, port_isolation: None, args: None, mac: None, vlans: Some([]) }
09:20:22 [WARN] Specified IFLA_INET6_CONF NLA attribute holds more(most likely new kernel) data which is unknown to netlink-packet-route crate, expecting 236, got 240
09:20:22 [WARN] Specified IFLA_INET6_ICMP6STATS NLA attribute holds more(most likely new kernel) data which is unknown to netlink-packet-route crate, expecting 48, got 56
09:20:22 [INFO] (1) cni_plugin::delegation: delegating to plugin at /opt/cni/bin/libipam for command=DEL
09:20:22 [DEBUG] (1) cni_plugin::delegation: spawing child process, async=smol
09:20:22 [DEBUG] (1) cni_plugin::delegation: taking child stdin
09:20:22 [DEBUG] (1) cni_plugin::delegation: copying bytes=349 to stdin
09:20:22 [DEBUG] (1) cni_plugin::delegation: closing stdin
09:20:22 [DEBUG] (1) cni_plugin::delegation: dropping stdin handle
09:20:22 [DEBUG] (1) cni_plugin::delegation: awaiting child
09:20:22 [INFO] (1) cni_plugin::delegation: delegate plugin at /opt/cni/bin/libipam for command=DEL has returned with exit status: 0; stdout bytes=52
09:20:22 [DEBUG] (1) libbridge: success! SuccessReply {
    cni_version: Version {
        major: 1,
        minor: 0,
        patch: 0,
        pre: [],
        build: [],
    },
    interfaces: [],
    ips: [],
    routes: [],
    dns: Dns {
        nameservers: [],
        domain: None,
        search: [],
        options: [],
    },
    specific: {},
}
09:20:22 [DEBUG] (1) cni_plugin::reply: replying with SuccessReply {
    cni_version: Version {
        major: 1,
        minor: 0,
        patch: 0,
        pre: [],
        build: [],
    },
    interfaces: [],
    ips: [],
    routes: [],
    dns: Dns {
        nameservers: [],
        domain: None,
        search: [],
        options: [],
    },
    specific: {},
}
09:20:23 [DEBUG] (1) libbridge: libbridge (CNI bridge plugin) version 0.1.0
09:20:23 [DEBUG] (1) cni_plugin::cni: CNI plugin built with cni-plugin crate version 0.2.1
09:20:23 [DEBUG] (1) cni_plugin::cni: read env var CNI_PATH = "/opt/cni/bin"
09:20:23 [DEBUG] (1) cni_plugin::cni: reading stdin til EOF...
09:20:23 [DEBUG] (1) cni_plugin::cni: read payload bytes=376
09:20:23 [DEBUG] (1) cni_plugin::cni: read env var CNI_COMMAND = "DEL"
09:20:23 [DEBUG] (1) cni_plugin::cni: read env var CNI_CONTAINERID = "517365"
09:20:23 [DEBUG] (1) cni_plugin::cni: read env var CNI_IFNAME = "vethcni0"
09:20:23 [DEBUG] (1) cni_plugin::cni: read env var CNI_NETNS = "/proc/517365/ns/net"
09:20:23 [INFO] (1) libbridge: libbridge serving spec v1.0.0 for command=Del
09:20:23 [INFO] (1) libbridge: (CNI bridge plugin) version bridge config: BridgeNetConf { net_conf: NetworkConfig { cni_version: Version { major: 1, minor: 0, patch: 0, pre: [], build: [] }, name: "single-net", plugin: "libbridge", args: {}, ip_masq: false, ipam: Some(IpamConfig { plugin: "libipam", specific: {"ranges": Array [Array [Object {"gateway": String("10.10.2.1"), "subnet": String("10.10.0.0/16")}]], "dataDir": Null, "resolvConf": Null, "routes": Null, "name": Null} }), dns: None, runtime: None, prev_result: None, specific: {"mac_spoof_check": Null, "vlan_trunk": Null, "cni_version": String("1.0.0"), "hairpin_mode": Null, "is_default_gateway": Null, "is_gateway": Bool(true)} }, br_name: Some("single0"), is_gw: None, is_default_gw: None, force_address: None, mtu: Some(1500), hairpin_mode: None, promisc_mode: None, vlan: None, vlan_trunk: None, preserve_default_vlan: Some(true), mac_spoof_chk: None, enable_dad: None, disable_container_interface: None, port_isolation: None, args: None, mac: None, vlans: Some([]) }
09:20:23 [ERROR] error: NetnsError: netns not found at path "/proc/517365/ns/net"
09:20:23 [DEBUG] (1) cni_plugin::reply: replying with ErrorReply {
    cni_version: Version {
        major: 1,
        minor: 0,
        patch: 0,
        pre: [],
        build: [],
    },
    code: 118,
    msg: "NetnsError",
    details: "netns not found at path \"/proc/517365/ns/net\"",
}
09:20:34 [DEBUG] (1) libbridge: libbridge (CNI bridge plugin) version 0.1.0
09:20:34 [DEBUG] (1) cni_plugin::cni: CNI plugin built with cni-plugin crate version 0.2.1
09:20:34 [DEBUG] (1) cni_plugin::cni: read env var CNI_PATH = "/opt/cni/bin"
09:20:34 [DEBUG] (1) cni_plugin::cni: reading stdin til EOF...
09:20:34 [DEBUG] (1) cni_plugin::cni: read payload bytes=0
09:20:34 [ERROR] missing input network config
09:20:34 [DEBUG] (1) cni_plugin::reply: replying with ErrorReply {
    cni_version: Version {
        major: 1,
        minor: 0,
        patch: 0,
        pre: [],
        build: [],
    },
    code: 7,
    msg: "Missing payload",
    details: "missing input network config",
}
09:20:34 [DEBUG] (1) libbridge: libbridge (CNI bridge plugin) version 0.1.0
09:20:34 [DEBUG] (1) cni_plugin::cni: CNI plugin built with cni-plugin crate version 0.2.1
09:20:34 [DEBUG] (1) cni_plugin::cni: read env var CNI_PATH = "/opt/cni/bin"
09:20:34 [DEBUG] (1) cni_plugin::cni: reading stdin til EOF...
09:20:34 [DEBUG] (1) cni_plugin::cni: read payload bytes=376
09:20:34 [DEBUG] (1) cni_plugin::cni: read env var CNI_COMMAND = "ADD"
09:20:34 [DEBUG] (1) cni_plugin::cni: read env var CNI_CONTAINERID = "1020456"
09:20:34 [DEBUG] (1) cni_plugin::cni: read env var CNI_IFNAME = "vethcni0"
09:20:34 [DEBUG] (1) cni_plugin::cni: read env var CNI_NETNS = "/proc/1020456/ns/net"
09:20:34 [INFO] (1) libbridge: libbridge serving spec v1.0.0 for command=Add
09:20:34 [INFO] (1) libbridge: (CNI bridge plugin) version bridge config: BridgeNetConf { net_conf: NetworkConfig { cni_version: Version { major: 1, minor: 0, patch: 0, pre: [], build: [] }, name: "single-net", plugin: "libbridge", args: {}, ip_masq: false, ipam: Some(IpamConfig { plugin: "libipam", specific: {"name": Null, "resolvConf": Null, "routes": Null, "dataDir": Null, "ranges": Array [Array [Object {"gateway": String("10.10.2.1"), "subnet": String("10.10.0.0/16")}]]} }), dns: None, runtime: None, prev_result: None, specific: {"mac_spoof_check": Null, "vlan_trunk": Null, "hairpin_mode": Null, "is_default_gateway": Null, "cni_version": String("1.0.0"), "is_gateway": Bool(true)} }, br_name: Some("single0"), is_gw: None, is_default_gw: None, force_address: None, mtu: Some(1500), hairpin_mode: None, promisc_mode: None, vlan: None, vlan_trunk: None, preserve_default_vlan: Some(true), mac_spoof_chk: None, enable_dad: None, disable_container_interface: None, port_isolation: None, args: None, mac: None, vlans: Some([]) }
09:20:34 [WARN] Specified IFLA_INET6_CONF NLA attribute holds more(most likely new kernel) data which is unknown to netlink-packet-route crate, expecting 236, got 240
09:20:34 [WARN] Specified IFLA_INET6_ICMP6STATS NLA attribute holds more(most likely new kernel) data which is unknown to netlink-packet-route crate, expecting 48, got 56
09:20:34 [WARN] Specified IFLA_INET6_CONF NLA attribute holds more(most likely new kernel) data which is unknown to netlink-packet-route crate, expecting 236, got 240
09:20:34 [WARN] Specified IFLA_INET6_ICMP6STATS NLA attribute holds more(most likely new kernel) data which is unknown to netlink-packet-route crate, expecting 48, got 56
09:20:34 [WARN] Specified IFLA_INET6_CONF NLA attribute holds more(most likely new kernel) data which is unknown to netlink-packet-route crate, expecting 236, got 240
09:20:34 [WARN] Specified IFLA_INET6_ICMP6STATS NLA attribute holds more(most likely new kernel) data which is unknown to netlink-packet-route crate, expecting 48, got 56
09:20:34 [INFO] (1) libbridge: netns: "NS(4:4026532832)"
09:20:34 [INFO] (1) libbridge: host_ns: "NS(4:4026532683)"
09:20:34 [INFO] (1) libcni::ip::veth: Creating veth pair: container_veth_name=vethcni0, host_veth_name=vethf058ae65
09:20:34 [WARN] Specified IFLA_INET6_CONF NLA attribute holds more(most likely new kernel) data which is unknown to netlink-packet-route crate, expecting 236, got 240
09:20:34 [WARN] Specified IFLA_INET6_ICMP6STATS NLA attribute holds more(most likely new kernel) data which is unknown to netlink-packet-route crate, expecting 48, got 56
09:20:34 [INFO] (1) libbridge: veth: Veth { interface: Interface { name: "vethcni0", mac: None, ns: Netns { f: File { fd: 18, path: "net:[4026532832]", read: true, write: false }, path: Some("/proc/1020456/ns/net") } }, peer_inf: Interface { name: "vethf058ae65", mac: None, ns: Netns { f: File { fd: 19, path: "net:[4026532683]", read: true, write: false }, path: Some("/proc/1020459/task/1020459/ns/net") } } }
09:20:34 [WARN] Specified IFLA_INET6_CONF NLA attribute holds more(most likely new kernel) data which is unknown to netlink-packet-route crate, expecting 236, got 240
09:20:34 [WARN] Specified IFLA_INET6_ICMP6STATS NLA attribute holds more(most likely new kernel) data which is unknown to netlink-packet-route crate, expecting 48, got 56
09:20:34 [WARN] Specified IFLA_INET6_CONF NLA attribute holds more(most likely new kernel) data which is unknown to netlink-packet-route crate, expecting 236, got 240
09:20:34 [WARN] Specified IFLA_INET6_ICMP6STATS NLA attribute holds more(most likely new kernel) data which is unknown to netlink-packet-route crate, expecting 48, got 56
09:20:34 [DEBUG] (1) libbridge:  veth :Veth { interface: Interface { name: "vethcni0", mac: None, ns: Netns { f: File { fd: 18, path: "net:[4026532832]", read: true, write: false }, path: Some("/proc/1020456/ns/net") } }, peer_inf: Interface { name: "vethf058ae65", mac: Some(MacAddr(MacAddr6([158, 239, 102, 180, 189, 202]))), ns: Netns { f: File { fd: 19, path: "net:[4026532683]", read: true, write: false }, path: Some("/proc/1020459/task/1020459/ns/net") } } }
09:20:34 [INFO] (1) cni_plugin::delegation: delegating to plugin at /opt/cni/bin/libipam for command=ADD
09:20:34 [DEBUG] (1) cni_plugin::delegation: spawing child process, async=smol
09:20:34 [DEBUG] (1) cni_plugin::delegation: taking child stdin
09:20:34 [DEBUG] (1) cni_plugin::delegation: copying bytes=349 to stdin
09:20:34 [DEBUG] (1) cni_plugin::delegation: closing stdin
09:20:34 [DEBUG] (1) cni_plugin::delegation: dropping stdin handle
09:20:34 [DEBUG] (1) cni_plugin::delegation: awaiting child
09:20:34 [INFO] (1) cni_plugin::delegation: delegate plugin at /opt/cni/bin/libipam for command=ADD has returned with exit status: 0; stdout bytes=101
09:20:34 [DEBUG] (1) libbridge: ipam_result:IpamSuccessReply { cni_version: Version { major: 1, minor: 0, patch: 0, pre: [], build: [] }, ips: [Ip { address: V4(Ipv4Network { addr: 10.10.0.11, prefix: 16 }), gateway: Some(10.10.2.1), interface: None }], routes: [], dns: Dns { nameservers: [], domain: None, search: [], options: [] }, specific: {} }
09:20:34 [DEBUG] (1) libbridge: bridge_result:SuccessReply { cni_version: Version { major: 1, minor: 0, patch: 0, pre: [], build: [] }, interfaces: [Interface { name: "single0", mac: Some(MacAddr(MacAddr6([226, 202, 157, 84, 169, 60]))), sandbox: "" }, Interface { name: "vethf058ae65", mac: Some(MacAddr(MacAddr6([158, 239, 102, 180, 189, 202]))), sandbox: "/proc/1020459/task/1020459/ns/net" }, Interface { name: "vethcni0", mac: None, sandbox: "/proc/1020456/ns/net" }], ips: [Ip { address: V4(Ipv4Network { addr: 10.10.0.11, prefix: 16 }), gateway: Some(10.10.2.1), interface: None }], routes: [], dns: Dns { nameservers: [], domain: None, search: [], options: [] }, specific: {} }
09:20:34 [INFO] (1) libbridge: gateway_infos: []
09:20:34 [INFO] (1) libbridge: bridge_result: SuccessReply { cni_version: Version { major: 1, minor: 0, patch: 0, pre: [], build: [] }, interfaces: [Interface { name: "single0", mac: Some(MacAddr(MacAddr6([226, 202, 157, 84, 169, 60]))), sandbox: "" }, Interface { name: "vethf058ae65", mac: Some(MacAddr(MacAddr6([158, 239, 102, 180, 189, 202]))), sandbox: "/proc/1020459/task/1020459/ns/net" }, Interface { name: "vethcni0", mac: None, sandbox: "/proc/1020456/ns/net" }], ips: [Ip { address: V4(Ipv4Network { addr: 10.10.0.11, prefix: 16 }), gateway: Some(10.10.2.1), interface: Some(2) }], routes: [], dns: Dns { nameservers: [], domain: None, search: [], options: [] }, specific: {} }
09:20:34 [WARN] Specified IFLA_INET6_CONF NLA attribute holds more(most likely new kernel) data which is unknown to netlink-packet-route crate, expecting 236, got 240
09:20:34 [WARN] Specified IFLA_INET6_ICMP6STATS NLA attribute holds more(most likely new kernel) data which is unknown to netlink-packet-route crate, expecting 48, got 56
09:20:34 [DEBUG] (1) libcni::ip::ipam: ips:[Ip { address: V4(Ipv4Network { addr: 10.10.0.11, prefix: 16 }), gateway: Some(10.10.2.1), interface: Some(2) }]
09:20:34 [DEBUG] (1) libcni::ip::ipam: add ip:[Ip { address: V4(Ipv4Network { addr: 10.10.0.11, prefix: 16 }), gateway: Some(10.10.2.1), interface: Some(2) }] to:"vethcni0"
09:20:34 [DEBUG] (1) libcni::ip::addr: container ip add :10.10.0.11
09:20:34 [DEBUG] (1) libcni::ip::addr: container ip add success
09:20:34 [WARN] Specified IFLA_INET6_CONF NLA attribute holds more(most likely new kernel) data which is unknown to netlink-packet-route crate, expecting 236, got 240
09:20:34 [WARN] Specified IFLA_INET6_ICMP6STATS NLA attribute holds more(most likely new kernel) data which is unknown to netlink-packet-route crate, expecting 48, got 56
09:20:34 [WARN] Specified IFLA_INET6_CONF NLA attribute holds more(most likely new kernel) data which is unknown to netlink-packet-route crate, expecting 236, got 240
09:20:34 [WARN] Specified IFLA_INET6_ICMP6STATS NLA attribute holds more(most likely new kernel) data which is unknown to netlink-packet-route crate, expecting 48, got 56
09:20:34 [WARN] Specified IFLA_INET6_CONF NLA attribute holds more(most likely new kernel) data which is unknown to netlink-packet-route crate, expecting 236, got 240
09:20:34 [WARN] Specified IFLA_INET6_ICMP6STATS NLA attribute holds more(most likely new kernel) data which is unknown to netlink-packet-route crate, expecting 48, got 56
09:20:34 [WARN] Specified IFLA_INET6_CONF NLA attribute holds more(most likely new kernel) data which is unknown to netlink-packet-route crate, expecting 236, got 240
09:20:34 [WARN] Specified IFLA_INET6_ICMP6STATS NLA attribute holds more(most likely new kernel) data which is unknown to netlink-packet-route crate, expecting 48, got 56
09:20:34 [WARN] Specified IFLA_INET6_CONF NLA attribute holds more(most likely new kernel) data which is unknown to netlink-packet-route crate, expecting 236, got 240
09:20:34 [WARN] Specified IFLA_INET6_ICMP6STATS NLA attribute holds more(most likely new kernel) data which is unknown to netlink-packet-route crate, expecting 48, got 56
09:20:34 [WARN] Specified IFLA_INET6_CONF NLA attribute holds more(most likely new kernel) data which is unknown to netlink-packet-route crate, expecting 236, got 240
09:20:34 [WARN] Specified IFLA_INET6_ICMP6STATS NLA attribute holds more(most likely new kernel) data which is unknown to netlink-packet-route crate, expecting 48, got 56
09:20:34 [INFO] (1) libnetwork::ip: all_ifaces: [Interface { index: 1, mtu: Some(65536), name: "lo", hardware_addr: Some(V6(MacAddr6([0, 0, 0, 0, 0, 0]))), flags: Flags(UP | POINT_TO_POINT) }, Interface { index: 2, mtu: Some(1480), name: "tunl0", hardware_addr: None, flags: Flags(0x0) }, Interface { index: 3, mtu: Some(1480), name: "sit0", hardware_addr: None, flags: Flags(0x0) }, Interface { index: 4, mtu: Some(1452), name: "ip6tnl0", hardware_addr: None, flags: Flags(0x0) }, Interface { index: 5, mtu: Some(1500), name: "eth0", hardware_addr: Some(V6(MacAddr6([178, 210, 81, 3, 27, 185]))), flags: Flags(UP | BROADCAST) }, Interface { index: 6, mtu: Some(1500), name: "single0", hardware_addr: Some(V6(MacAddr6([226, 202, 157, 84, 169, 60]))), flags: Flags(UP | BROADCAST) }, Interface { index: 11, mtu: Some(1500), name: "vethf058ae65", hardware_addr: Some(V6(MacAddr6([158, 239, 102, 180, 189, 202]))), flags: Flags(UP | BROADCAST) }]
09:20:34 [WARN] Specified IFLA_INET6_CONF NLA attribute holds more(most likely new kernel) data which is unknown to netlink-packet-route crate, expecting 236, got 240
09:20:34 [WARN] Specified IFLA_INET6_ICMP6STATS NLA attribute holds more(most likely new kernel) data which is unknown to netlink-packet-route crate, expecting 48, got 56
09:20:34 [WARN] Specified IFLA_INET6_CONF NLA attribute holds more(most likely new kernel) data which is unknown to netlink-packet-route crate, expecting 236, got 240
09:20:34 [WARN] Specified IFLA_INET6_ICMP6STATS NLA attribute holds more(most likely new kernel) data which is unknown to netlink-packet-route crate, expecting 48, got 56
09:20:34 [WARN] Specified IFLA_INET6_CONF NLA attribute holds more(most likely new kernel) data which is unknown to netlink-packet-route crate, expecting 236, got 240
09:20:34 [WARN] Specified IFLA_INET6_ICMP6STATS NLA attribute holds more(most likely new kernel) data which is unknown to netlink-packet-route crate, expecting 48, got 56
09:20:34 [WARN] Specified IFLA_INET6_CONF NLA attribute holds more(most likely new kernel) data which is unknown to netlink-packet-route crate, expecting 236, got 240
09:20:34 [WARN] Specified IFLA_INET6_ICMP6STATS NLA attribute holds more(most likely new kernel) data which is unknown to netlink-packet-route crate, expecting 48, got 56
09:20:34 [WARN] Specified IFLA_INET6_CONF NLA attribute holds more(most likely new kernel) data which is unknown to netlink-packet-route crate, expecting 236, got 240
09:20:34 [WARN] Specified IFLA_INET6_ICMP6STATS NLA attribute holds more(most likely new kernel) data which is unknown to netlink-packet-route crate, expecting 48, got 56
09:20:34 [WARN] Specified IFLA_INET6_CONF NLA attribute holds more(most likely new kernel) data which is unknown to netlink-packet-route crate, expecting 236, got 240
09:20:34 [WARN] Specified IFLA_INET6_ICMP6STATS NLA attribute holds more(most likely new kernel) data which is unknown to netlink-packet-route crate, expecting 48, got 56
09:20:34 [DEBUG] (1) libbridge: success! SuccessReply {
    cni_version: Version {
        major: 1,
        minor: 0,
        patch: 0,
        pre: [],
        build: [],
    },
    interfaces: [
        Interface {
            name: "single0",
            mac: Some(
                MacAddr(
                    MacAddr6(
                        [
                            226,
                            202,
                            157,
                            84,
                            169,
                            60,
                        ],
                    ),
                ),
            ),
            sandbox: "",
        },
        Interface {
            name: "vethf058ae65",
            mac: Some(
                MacAddr(
                    MacAddr6(
                        [
                            158,
                            239,
                            102,
                            180,
                            189,
                            202,
                        ],
                    ),
                ),
            ),
            sandbox: "/proc/1020459/task/1020459/ns/net",
        },
        Interface {
            name: "vethcni0",
            mac: None,
            sandbox: "/proc/1020456/ns/net",
        },
    ],
    ips: [
        Ip {
            address: V4(
                Ipv4Network {
                    addr: 10.10.0.11,
                    prefix: 16,
                },
            ),
            gateway: Some(
                10.10.2.1,
            ),
            interface: Some(
                2,
            ),
        },
    ],
    routes: [],
    dns: Dns {
        nameservers: [],
        domain: None,
        search: [],
        options: [],
    },
    specific: {},
}
09:20:34 [DEBUG] (1) cni_plugin::reply: replying with SuccessReply {
    cni_version: Version {
        major: 1,
        minor: 0,
        patch: 0,
        pre: [],
        build: [],
    },
    interfaces: [
        Interface {
            name: "single0",
            mac: Some(
                MacAddr(
                    MacAddr6(
                        [
                            226,
                            202,
                            157,
                            84,
                            169,
                            60,
                        ],
                    ),
                ),
            ),
            sandbox: "",
        },
        Interface {
            name: "vethf058ae65",
            mac: Some(
                MacAddr(
                    MacAddr6(
                        [
                            158,
                            239,
                            102,
                            180,
                            189,
                            202,
                        ],
                    ),
                ),
            ),
            sandbox: "/proc/1020459/task/1020459/ns/net",
        },
        Interface {
            name: "vethcni0",
            mac: None,
            sandbox: "/proc/1020456/ns/net",
        },
    ],
    ips: [
        Ip {
            address: V4(
                Ipv4Network {
                    addr: 10.10.0.11,
                    prefix: 16,
                },
            ),
            gateway: Some(
                10.10.2.1,
            ),
            interface: Some(
                2,
            ),
        },
    ],
    routes: [],
    dns: Dns {
        nameservers: [],
        domain: None,
        search: [],
        options: [],
    },
    specific: {},
}
09:22:33 [DEBUG] (1) libbridge: libbridge (CNI bridge plugin) version 0.1.0
09:22:33 [DEBUG] (1) cni_plugin::cni: CNI plugin built with cni-plugin crate version 0.2.1
09:22:33 [DEBUG] (1) cni_plugin::cni: read env var CNI_PATH = "/opt/cni/bin"
09:22:33 [DEBUG] (1) cni_plugin::cni: reading stdin til EOF...
09:22:33 [DEBUG] (1) cni_plugin::cni: read payload bytes=376
09:22:33 [DEBUG] (1) cni_plugin::cni: read env var CNI_COMMAND = "DEL"
09:22:33 [DEBUG] (1) cni_plugin::cni: read env var CNI_CONTAINERID = "1020468"
09:22:33 [DEBUG] (1) cni_plugin::cni: read env var CNI_IFNAME = "vethcni0"
09:22:33 [DEBUG] (1) cni_plugin::cni: read env var CNI_NETNS = "/proc/1020468/ns/net"
09:22:33 [INFO] (1) libbridge: libbridge serving spec v1.0.0 for command=Del
09:22:33 [INFO] (1) libbridge: (CNI bridge plugin) version bridge config: BridgeNetConf { net_conf: NetworkConfig { cni_version: Version { major: 1, minor: 0, patch: 0, pre: [], build: [] }, name: "single-net", plugin: "libbridge", args: {}, ip_masq: false, ipam: Some(IpamConfig { plugin: "libipam", specific: {"name": Null, "dataDir": Null, "resolvConf": Null, "routes": Null, "ranges": Array [Array [Object {"gateway": String("10.10.2.1"), "subnet": String("10.10.0.0/16")}]]} }), dns: None, runtime: None, prev_result: None, specific: {"cni_version": String("1.0.0"), "is_gateway": Bool(true), "mac_spoof_check": Null, "is_default_gateway": Null, "vlan_trunk": Null, "hairpin_mode": Null} }, br_name: Some("single0"), is_gw: None, is_default_gw: None, force_address: None, mtu: Some(1500), hairpin_mode: None, promisc_mode: None, vlan: None, vlan_trunk: None, preserve_default_vlan: Some(true), mac_spoof_chk: None, enable_dad: None, disable_container_interface: None, port_isolation: None, args: None, mac: None, vlans: Some([]) }
09:22:33 [WARN] Specified IFLA_INET6_CONF NLA attribute holds more(most likely new kernel) data which is unknown to netlink-packet-route crate, expecting 236, got 240
09:22:33 [WARN] Specified IFLA_INET6_ICMP6STATS NLA attribute holds more(most likely new kernel) data which is unknown to netlink-packet-route crate, expecting 48, got 56
09:22:33 [INFO] (1) cni_plugin::delegation: delegating to plugin at /opt/cni/bin/libipam for command=DEL
09:22:33 [DEBUG] (1) cni_plugin::delegation: spawing child process, async=smol
09:22:33 [DEBUG] (1) cni_plugin::delegation: taking child stdin
09:22:33 [DEBUG] (1) cni_plugin::delegation: copying bytes=349 to stdin
09:22:33 [DEBUG] (1) cni_plugin::delegation: closing stdin
09:22:33 [DEBUG] (1) cni_plugin::delegation: dropping stdin handle
09:22:33 [DEBUG] (1) cni_plugin::delegation: awaiting child
09:22:33 [INFO] (1) cni_plugin::delegation: delegate plugin at /opt/cni/bin/libipam for command=DEL has returned with exit status: 0; stdout bytes=52
09:22:33 [DEBUG] (1) libbridge: success! SuccessReply {
    cni_version: Version {
        major: 1,
        minor: 0,
        patch: 0,
        pre: [],
        build: [],
    },
    interfaces: [],
    ips: [],
    routes: [],
    dns: Dns {
        nameservers: [],
        domain: None,
        search: [],
        options: [],
    },
    specific: {},
}
09:22:33 [DEBUG] (1) cni_plugin::reply: replying with SuccessReply {
    cni_version: Version {
        major: 1,
        minor: 0,
        patch: 0,
        pre: [],
        build: [],
    },
    interfaces: [],
    ips: [],
    routes: [],
    dns: Dns {
        nameservers: [],
        domain: None,
        search: [],
        options: [],
    },
    specific: {},
}
09:23:08 [DEBUG] (1) libbridge: libbridge (CNI bridge plugin) version 0.1.0
09:23:08 [DEBUG] (1) cni_plugin::cni: CNI plugin built with cni-plugin crate version 0.2.1
09:23:08 [DEBUG] (1) cni_plugin::cni: read env var CNI_PATH = "/opt/cni/bin"
09:23:08 [DEBUG] (1) cni_plugin::cni: reading stdin til EOF...
09:23:08 [DEBUG] (1) cni_plugin::cni: read payload bytes=376
09:23:08 [DEBUG] (1) cni_plugin::cni: read env var CNI_COMMAND = "DEL"
09:23:08 [DEBUG] (1) cni_plugin::cni: read env var CNI_CONTAINERID = "1020456"
09:23:08 [DEBUG] (1) cni_plugin::cni: read env var CNI_IFNAME = "vethcni0"
09:23:08 [DEBUG] (1) cni_plugin::cni: read env var CNI_NETNS = "/proc/1020456/ns/net"
09:23:08 [INFO] (1) libbridge: libbridge serving spec v1.0.0 for command=Del
09:23:08 [INFO] (1) libbridge: (CNI bridge plugin) version bridge config: BridgeNetConf { net_conf: NetworkConfig { cni_version: Version { major: 1, minor: 0, patch: 0, pre: [], build: [] }, name: "single-net", plugin: "libbridge", args: {}, ip_masq: false, ipam: Some(IpamConfig { plugin: "libipam", specific: {"dataDir": Null, "routes": Null, "name": Null, "resolvConf": Null, "ranges": Array [Array [Object {"gateway": String("10.10.2.1"), "subnet": String("10.10.0.0/16")}]]} }), dns: None, runtime: None, prev_result: None, specific: {"is_gateway": Bool(true), "cni_version": String("1.0.0"), "mac_spoof_check": Null, "is_default_gateway": Null, "vlan_trunk": Null, "hairpin_mode": Null} }, br_name: Some("single0"), is_gw: None, is_default_gw: None, force_address: None, mtu: Some(1500), hairpin_mode: None, promisc_mode: None, vlan: None, vlan_trunk: None, preserve_default_vlan: Some(true), mac_spoof_chk: None, enable_dad: None, disable_container_interface: None, port_isolation: None, args: None, mac: None, vlans: Some([]) }
09:23:08 [ERROR] error: Received a netlink error message No such device (os error 19)
09:23:08 [DEBUG] (1) cni_plugin::reply: replying with ErrorReply {
    cni_version: Version {
        major: 1,
        minor: 0,
        patch: 0,
        pre: [],
        build: [],
    },
    code: 122,
    msg: "Unknown error",
    details: "Received a netlink error message No such device (os error 19)",
}
09:23:18 [DEBUG] (1) libbridge: libbridge (CNI bridge plugin) version 0.1.0
09:23:18 [DEBUG] (1) cni_plugin::cni: CNI plugin built with cni-plugin crate version 0.2.1
09:23:18 [DEBUG] (1) cni_plugin::cni: read env var CNI_PATH = "/opt/cni/bin"
09:23:18 [DEBUG] (1) cni_plugin::cni: reading stdin til EOF...
09:23:18 [DEBUG] (1) cni_plugin::cni: read payload bytes=0
09:23:18 [ERROR] missing input network config
09:23:18 [DEBUG] (1) cni_plugin::reply: replying with ErrorReply {
    cni_version: Version {
        major: 1,
        minor: 0,
        patch: 0,
        pre: [],
        build: [],
    },
    code: 7,
    msg: "Missing payload",
    details: "missing input network config",
}
09:23:18 [DEBUG] (1) libbridge: libbridge (CNI bridge plugin) version 0.1.0
09:23:18 [DEBUG] (1) cni_plugin::cni: CNI plugin built with cni-plugin crate version 0.2.1
09:23:18 [DEBUG] (1) cni_plugin::cni: read env var CNI_PATH = "/opt/cni/bin"
09:23:18 [DEBUG] (1) cni_plugin::cni: reading stdin til EOF...
09:23:18 [DEBUG] (1) cni_plugin::cni: read payload bytes=376
09:23:18 [DEBUG] (1) cni_plugin::cni: read env var CNI_COMMAND = "ADD"
09:23:18 [DEBUG] (1) cni_plugin::cni: read env var CNI_CONTAINERID = "1098016"
09:23:18 [DEBUG] (1) cni_plugin::cni: read env var CNI_IFNAME = "vethcni0"
09:23:18 [DEBUG] (1) cni_plugin::cni: read env var CNI_NETNS = "/proc/1098016/ns/net"
09:23:18 [INFO] (1) libbridge: libbridge serving spec v1.0.0 for command=Add
09:23:18 [INFO] (1) libbridge: (CNI bridge plugin) version bridge config: BridgeNetConf { net_conf: NetworkConfig { cni_version: Version { major: 1, minor: 0, patch: 0, pre: [], build: [] }, name: "single-net", plugin: "libbridge", args: {}, ip_masq: false, ipam: Some(IpamConfig { plugin: "libipam", specific: {"name": Null, "resolvConf": Null, "ranges": Array [Array [Object {"gateway": String("10.10.2.1"), "subnet": String("10.10.0.0/16")}]], "routes": Null, "dataDir": Null} }), dns: None, runtime: None, prev_result: None, specific: {"is_gateway": Bool(true), "vlan_trunk": Null, "cni_version": String("1.0.0"), "hairpin_mode": Null, "mac_spoof_check": Null, "is_default_gateway": Null} }, br_name: Some("single0"), is_gw: None, is_default_gw: None, force_address: None, mtu: Some(1500), hairpin_mode: None, promisc_mode: None, vlan: None, vlan_trunk: None, preserve_default_vlan: Some(true), mac_spoof_chk: None, enable_dad: None, disable_container_interface: None, port_isolation: None, args: None, mac: None, vlans: Some([]) }
09:23:18 [WARN] Specified IFLA_INET6_CONF NLA attribute holds more(most likely new kernel) data which is unknown to netlink-packet-route crate, expecting 236, got 240
09:23:18 [WARN] Specified IFLA_INET6_ICMP6STATS NLA attribute holds more(most likely new kernel) data which is unknown to netlink-packet-route crate, expecting 48, got 56
09:23:18 [WARN] Specified IFLA_INET6_CONF NLA attribute holds more(most likely new kernel) data which is unknown to netlink-packet-route crate, expecting 236, got 240
09:23:18 [WARN] Specified IFLA_INET6_ICMP6STATS NLA attribute holds more(most likely new kernel) data which is unknown to netlink-packet-route crate, expecting 48, got 56
09:23:18 [WARN] Specified IFLA_INET6_CONF NLA attribute holds more(most likely new kernel) data which is unknown to netlink-packet-route crate, expecting 236, got 240
09:23:18 [WARN] Specified IFLA_INET6_ICMP6STATS NLA attribute holds more(most likely new kernel) data which is unknown to netlink-packet-route crate, expecting 48, got 56
09:23:18 [INFO] (1) libbridge: netns: "NS(4:4026532832)"
09:23:18 [INFO] (1) libbridge: host_ns: "NS(4:4026532683)"
09:23:18 [INFO] (1) libcni::ip::veth: Creating veth pair: container_veth_name=vethcni0, host_veth_name=veth54e7ac4e
09:23:18 [WARN] Specified IFLA_INET6_CONF NLA attribute holds more(most likely new kernel) data which is unknown to netlink-packet-route crate, expecting 236, got 240
09:23:18 [WARN] Specified IFLA_INET6_ICMP6STATS NLA attribute holds more(most likely new kernel) data which is unknown to netlink-packet-route crate, expecting 48, got 56
09:23:18 [INFO] (1) libbridge: veth: Veth { interface: Interface { name: "vethcni0", mac: None, ns: Netns { f: File { fd: 18, path: "net:[4026532832]", read: true, write: false }, path: Some("/proc/1098016/ns/net") } }, peer_inf: Interface { name: "veth54e7ac4e", mac: None, ns: Netns { f: File { fd: 19, path: "net:[4026532683]", read: true, write: false }, path: Some("/proc/1098027/task/1098027/ns/net") } } }
09:23:18 [WARN] Specified IFLA_INET6_CONF NLA attribute holds more(most likely new kernel) data which is unknown to netlink-packet-route crate, expecting 236, got 240
09:23:18 [WARN] Specified IFLA_INET6_ICMP6STATS NLA attribute holds more(most likely new kernel) data which is unknown to netlink-packet-route crate, expecting 48, got 56
09:23:18 [WARN] Specified IFLA_INET6_CONF NLA attribute holds more(most likely new kernel) data which is unknown to netlink-packet-route crate, expecting 236, got 240
09:23:18 [WARN] Specified IFLA_INET6_ICMP6STATS NLA attribute holds more(most likely new kernel) data which is unknown to netlink-packet-route crate, expecting 48, got 56
09:23:18 [DEBUG] (1) libbridge:  veth :Veth { interface: Interface { name: "vethcni0", mac: None, ns: Netns { f: File { fd: 18, path: "net:[4026532832]", read: true, write: false }, path: Some("/proc/1098016/ns/net") } }, peer_inf: Interface { name: "veth54e7ac4e", mac: Some(MacAddr(MacAddr6([138, 244, 137, 254, 201, 102]))), ns: Netns { f: File { fd: 19, path: "net:[4026532683]", read: true, write: false }, path: Some("/proc/1098027/task/1098027/ns/net") } } }
09:23:18 [INFO] (1) cni_plugin::delegation: delegating to plugin at /opt/cni/bin/libipam for command=ADD
09:23:18 [DEBUG] (1) cni_plugin::delegation: spawing child process, async=smol
09:23:18 [DEBUG] (1) cni_plugin::delegation: taking child stdin
09:23:18 [DEBUG] (1) cni_plugin::delegation: copying bytes=349 to stdin
09:23:18 [DEBUG] (1) cni_plugin::delegation: closing stdin
09:23:18 [DEBUG] (1) cni_plugin::delegation: dropping stdin handle
09:23:18 [DEBUG] (1) cni_plugin::delegation: awaiting child
09:23:18 [INFO] (1) cni_plugin::delegation: delegate plugin at /opt/cni/bin/libipam for command=ADD has returned with exit status: 0; stdout bytes=101
09:23:18 [DEBUG] (1) libbridge: ipam_result:IpamSuccessReply { cni_version: Version { major: 1, minor: 0, patch: 0, pre: [], build: [] }, ips: [Ip { address: V4(Ipv4Network { addr: 10.10.0.12, prefix: 16 }), gateway: Some(10.10.2.1), interface: None }], routes: [], dns: Dns { nameservers: [], domain: None, search: [], options: [] }, specific: {} }
09:23:18 [DEBUG] (1) libbridge: bridge_result:SuccessReply { cni_version: Version { major: 1, minor: 0, patch: 0, pre: [], build: [] }, interfaces: [Interface { name: "single0", mac: Some(MacAddr(MacAddr6([226, 202, 157, 84, 169, 60]))), sandbox: "" }, Interface { name: "veth54e7ac4e", mac: Some(MacAddr(MacAddr6([138, 244, 137, 254, 201, 102]))), sandbox: "/proc/1098027/task/1098027/ns/net" }, Interface { name: "vethcni0", mac: None, sandbox: "/proc/1098016/ns/net" }], ips: [Ip { address: V4(Ipv4Network { addr: 10.10.0.12, prefix: 16 }), gateway: Some(10.10.2.1), interface: None }], routes: [], dns: Dns { nameservers: [], domain: None, search: [], options: [] }, specific: {} }
09:23:18 [INFO] (1) libbridge: gateway_infos: []
09:23:18 [INFO] (1) libbridge: bridge_result: SuccessReply { cni_version: Version { major: 1, minor: 0, patch: 0, pre: [], build: [] }, interfaces: [Interface { name: "single0", mac: Some(MacAddr(MacAddr6([226, 202, 157, 84, 169, 60]))), sandbox: "" }, Interface { name: "veth54e7ac4e", mac: Some(MacAddr(MacAddr6([138, 244, 137, 254, 201, 102]))), sandbox: "/proc/1098027/task/1098027/ns/net" }, Interface { name: "vethcni0", mac: None, sandbox: "/proc/1098016/ns/net" }], ips: [Ip { address: V4(Ipv4Network { addr: 10.10.0.12, prefix: 16 }), gateway: Some(10.10.2.1), interface: Some(2) }], routes: [], dns: Dns { nameservers: [], domain: None, search: [], options: [] }, specific: {} }
09:23:18 [WARN] Specified IFLA_INET6_CONF NLA attribute holds more(most likely new kernel) data which is unknown to netlink-packet-route crate, expecting 236, got 240
09:23:18 [WARN] Specified IFLA_INET6_ICMP6STATS NLA attribute holds more(most likely new kernel) data which is unknown to netlink-packet-route crate, expecting 48, got 56
09:23:18 [DEBUG] (1) libcni::ip::ipam: ips:[Ip { address: V4(Ipv4Network { addr: 10.10.0.12, prefix: 16 }), gateway: Some(10.10.2.1), interface: Some(2) }]
09:23:18 [DEBUG] (1) libcni::ip::ipam: add ip:[Ip { address: V4(Ipv4Network { addr: 10.10.0.12, prefix: 16 }), gateway: Some(10.10.2.1), interface: Some(2) }] to:"vethcni0"
09:23:18 [DEBUG] (1) libcni::ip::addr: container ip add :10.10.0.12
09:23:18 [DEBUG] (1) libcni::ip::addr: container ip add success
09:23:18 [WARN] Specified IFLA_INET6_CONF NLA attribute holds more(most likely new kernel) data which is unknown to netlink-packet-route crate, expecting 236, got 240
09:23:18 [WARN] Specified IFLA_INET6_ICMP6STATS NLA attribute holds more(most likely new kernel) data which is unknown to netlink-packet-route crate, expecting 48, got 56
09:23:18 [WARN] Specified IFLA_INET6_CONF NLA attribute holds more(most likely new kernel) data which is unknown to netlink-packet-route crate, expecting 236, got 240
09:23:18 [WARN] Specified IFLA_INET6_ICMP6STATS NLA attribute holds more(most likely new kernel) data which is unknown to netlink-packet-route crate, expecting 48, got 56
09:23:18 [WARN] Specified IFLA_INET6_CONF NLA attribute holds more(most likely new kernel) data which is unknown to netlink-packet-route crate, expecting 236, got 240
09:23:18 [WARN] Specified IFLA_INET6_ICMP6STATS NLA attribute holds more(most likely new kernel) data which is unknown to netlink-packet-route crate, expecting 48, got 56
09:23:18 [WARN] Specified IFLA_INET6_CONF NLA attribute holds more(most likely new kernel) data which is unknown to netlink-packet-route crate, expecting 236, got 240
09:23:18 [WARN] Specified IFLA_INET6_ICMP6STATS NLA attribute holds more(most likely new kernel) data which is unknown to netlink-packet-route crate, expecting 48, got 56
09:23:18 [WARN] Specified IFLA_INET6_CONF NLA attribute holds more(most likely new kernel) data which is unknown to netlink-packet-route crate, expecting 236, got 240
09:23:18 [WARN] Specified IFLA_INET6_ICMP6STATS NLA attribute holds more(most likely new kernel) data which is unknown to netlink-packet-route crate, expecting 48, got 56
09:23:18 [WARN] Specified IFLA_INET6_CONF NLA attribute holds more(most likely new kernel) data which is unknown to netlink-packet-route crate, expecting 236, got 240
09:23:18 [WARN] Specified IFLA_INET6_ICMP6STATS NLA attribute holds more(most likely new kernel) data which is unknown to netlink-packet-route crate, expecting 48, got 56
09:23:18 [INFO] (1) libnetwork::ip: all_ifaces: [Interface { index: 1, mtu: Some(65536), name: "lo", hardware_addr: Some(V6(MacAddr6([0, 0, 0, 0, 0, 0]))), flags: Flags(UP | POINT_TO_POINT) }, Interface { index: 2, mtu: Some(1480), name: "tunl0", hardware_addr: None, flags: Flags(0x0) }, Interface { index: 3, mtu: Some(1480), name: "sit0", hardware_addr: None, flags: Flags(0x0) }, Interface { index: 4, mtu: Some(1452), name: "ip6tnl0", hardware_addr: None, flags: Flags(0x0) }, Interface { index: 5, mtu: Some(1500), name: "eth0", hardware_addr: Some(V6(MacAddr6([178, 210, 81, 3, 27, 185]))), flags: Flags(UP | BROADCAST) }, Interface { index: 6, mtu: Some(1500), name: "single0", hardware_addr: Some(V6(MacAddr6([226, 202, 157, 84, 169, 60]))), flags: Flags(UP | BROADCAST) }, Interface { index: 12, mtu: Some(1500), name: "veth54e7ac4e", hardware_addr: Some(V6(MacAddr6([14, 222, 68, 88, 113, 138]))), flags: Flags(UP | BROADCAST) }]
09:23:18 [WARN] Specified IFLA_INET6_CONF NLA attribute holds more(most likely new kernel) data which is unknown to netlink-packet-route crate, expecting 236, got 240
09:23:18 [WARN] Specified IFLA_INET6_ICMP6STATS NLA attribute holds more(most likely new kernel) data which is unknown to netlink-packet-route crate, expecting 48, got 56
09:23:18 [WARN] Specified IFLA_INET6_CONF NLA attribute holds more(most likely new kernel) data which is unknown to netlink-packet-route crate, expecting 236, got 240
09:23:18 [WARN] Specified IFLA_INET6_ICMP6STATS NLA attribute holds more(most likely new kernel) data which is unknown to netlink-packet-route crate, expecting 48, got 56
09:23:18 [WARN] Specified IFLA_INET6_CONF NLA attribute holds more(most likely new kernel) data which is unknown to netlink-packet-route crate, expecting 236, got 240
09:23:18 [WARN] Specified IFLA_INET6_ICMP6STATS NLA attribute holds more(most likely new kernel) data which is unknown to netlink-packet-route crate, expecting 48, got 56
09:23:18 [WARN] Specified IFLA_INET6_CONF NLA attribute holds more(most likely new kernel) data which is unknown to netlink-packet-route crate, expecting 236, got 240
09:23:18 [WARN] Specified IFLA_INET6_ICMP6STATS NLA attribute holds more(most likely new kernel) data which is unknown to netlink-packet-route crate, expecting 48, got 56
09:23:18 [WARN] Specified IFLA_INET6_CONF NLA attribute holds more(most likely new kernel) data which is unknown to netlink-packet-route crate, expecting 236, got 240
09:23:18 [WARN] Specified IFLA_INET6_ICMP6STATS NLA attribute holds more(most likely new kernel) data which is unknown to netlink-packet-route crate, expecting 48, got 56
09:23:18 [WARN] Specified IFLA_INET6_CONF NLA attribute holds more(most likely new kernel) data which is unknown to netlink-packet-route crate, expecting 236, got 240
09:23:18 [WARN] Specified IFLA_INET6_ICMP6STATS NLA attribute holds more(most likely new kernel) data which is unknown to netlink-packet-route crate, expecting 48, got 56
09:23:18 [DEBUG] (1) libbridge: success! SuccessReply {
    cni_version: Version {
        major: 1,
        minor: 0,
        patch: 0,
        pre: [],
        build: [],
    },
    interfaces: [
        Interface {
            name: "single0",
            mac: Some(
                MacAddr(
                    MacAddr6(
                        [
                            226,
                            202,
                            157,
                            84,
                            169,
                            60,
                        ],
                    ),
                ),
            ),
            sandbox: "",
        },
        Interface {
            name: "veth54e7ac4e",
            mac: Some(
                MacAddr(
                    MacAddr6(
                        [
                            138,
                            244,
                            137,
                            254,
                            201,
                            102,
                        ],
                    ),
                ),
            ),
            sandbox: "/proc/1098027/task/1098027/ns/net",
        },
        Interface {
            name: "vethcni0",
            mac: None,
            sandbox: "/proc/1098016/ns/net",
        },
    ],
    ips: [
        Ip {
            address: V4(
                Ipv4Network {
                    addr: 10.10.0.12,
                    prefix: 16,
                },
            ),
            gateway: Some(
                10.10.2.1,
            ),
            interface: Some(
                2,
            ),
        },
    ],
    routes: [],
    dns: Dns {
        nameservers: [],
        domain: None,
        search: [],
        options: [],
    },
    specific: {},
}
09:23:18 [DEBUG] (1) cni_plugin::reply: replying with SuccessReply {
    cni_version: Version {
        major: 1,
        minor: 0,
        patch: 0,
        pre: [],
        build: [],
    },
    interfaces: [
        Interface {
            name: "single0",
            mac: Some(
                MacAddr(
                    MacAddr6(
                        [
                            226,
                            202,
                            157,
                            84,
                            169,
                            60,
                        ],
                    ),
                ),
            ),
            sandbox: "",
        },
        Interface {
            name: "veth54e7ac4e",
            mac: Some(
                MacAddr(
                    MacAddr6(
                        [
                            138,
                            244,
                            137,
                            254,
                            201,
                            102,
                        ],
                    ),
                ),
            ),
            sandbox: "/proc/1098027/task/1098027/ns/net",
        },
        Interface {
            name: "vethcni0",
            mac: None,
            sandbox: "/proc/1098016/ns/net",
        },
    ],
    ips: [
        Ip {
            address: V4(
                Ipv4Network {
                    addr: 10.10.0.12,
                    prefix: 16,
                },
            ),
            gateway: Some(
                10.10.2.1,
            ),
            interface: Some(
                2,
            ),
        },
    ],
    routes: [],
    dns: Dns {
        nameservers: [],
        domain: None,
        search: [],
        options: [],
    },
    specific: {},
}
